pathway	pval	padj	log2err	ES	NES	size	leadingEdge
ABBUD_LIF_SIGNALING_1_UP	4.355882153278064e-6	2.8695701697570856e-4	0.610526878385931	-0.6422739049400721	-2.223012000414736	37	Sqor, Socs3, Irf1, Lbp, Bcl3, Aldoc, Lcn2, Nmi, Lrg1, Cebpb, Stat3, Psmb8, Xbp1, Ptpn1, Gpcpd1, Fbp1, Kng1, Tnfrsf1a
BANG_VERTEPORFIN_ENDOMETRIAL_CANCER_CELLS_UP	0.0013059122969961549	0.02476437186231142	0.45505986738722953	0.6853159072074365	1.888125082797833	16	Nup210, Egr1, App, Ccn1, Tfpi2, Os9, Col4a2, Atp6ap2
BIOCARTA_NKT_PATHWAY	0.0029645860643154167	0.04259227106231883	0.4317076958033464	0.7094365957719684	1.8051571022389583	12	Noct, Cd4, Ifngr2
BOCHKIS_FOXA2_TARGETS	0.001517974965879886	0.027333669218943812	0.45505986738722953	-0.2682898125424079	-1.363191716294263	415	Dhrs7, Serpina3m, Rdh9, Sqor, Slc37a4, Acsm3, Pparg, Slc25a10, Apoh, Sephs2, Bnip3, Cyp2a5, Serpina6, Ap3m1, Gde1, Aldob, Cyp2a4, Isg15, Saa4, Ftl1, Slc25a47, Pbld1, Prdx6, Pck1, Rdh16, Cyp2c39, Psme1, Apon, Hao1, Acaa1a, Lrg1, Rdh1, Fmo2, Colec12, Sord, Psmg3, Ptcd2, Osbpl1a, Cyp2e1, Fdft1, Pnpla2, Rassf6, Eif4a2, Cxcl1, Ttc7, Pik3ap1, Kng2, Tedc2, Tmem259, Per2, Ldlr, Igfbp4, Crebl2, Mafk, D630039A03Rik, Slc6a12, Mpzl2, Cyp3a25, Hpgd, Per1, Ndufa2, Fbp1, Thpo, Tex261, Cdc42ep4, Tusc2, Baat, Ambp, Pla2g6, Klf15, Arrdc4, Kng1, Cd47, Tnfrsf1a, Mat1a, Eef1b2, Lrp1, Evc2, Ap3s1, Cyb5a, Cyp2d26, Zfp395, Mrps2, Vmn2r57, Cs, Hbs1l, Psmb10, Coa4, Ufd1, Gpt, Scrn3, Leap2, Sar1b, Bmi1, C1rl, Qsox1, Slc46a3, Prkar2a, Clp1, Ndufa8, Sort1, Gpr35, Dph7, Mafg, Gk, Rpl21, Foxp2, Inhbe, Renbp, Ahcy, Pros1, Apoe, Trap1, Afmid, Fem1a, Atg12, Prmt5, Habp2, Fhip2a, H2aj
BROWN_MYELOID_CELL_DEVELOPMENT_UP	1.1672908494739156e-5	6.417025001658039e-4	0.5933254763964051	-0.4139788416861549	-1.8428614886428678	144	Antxr2, Glrx, Gns, Neat1, Dop1b, Zyx, Csf2ra, Lcn2, Rnase4, Fhad1, Wfdc21, Hck, G6pdx, Fgr, Cebpd, Anpep, Sat1, Lilrb4a, Klhdc4, Pstpip2, Cd33, Fpr1, S100a6, Slfn4, Tnfrsf1a, Clec4n, Itgam, Msrb1, Itgb2, Tecpr1, Pgd, Klra2, Fcgr3, Ccr2, Tlr2, C3, Il1b, Qsox1, Mpeg1, Siglece, Slfn2, Rps17, Plgrkt, Fpr2, Hebp1, Anxa5, Degs1, Rpl13, Tyrobp, Xdh, Esyt2, Cd68, Il1rn, Cd80, Hlx, Aoah, Dab2, Ackr1, Cap1, Plk3, Abcd2, Hexb, S100a11, Plaur, Bcl2a1b, Clec4a2, Gstm3, Cd44, Tifab, Capn3, Ctss, Apol9b, Ccl6, Dstn
BURTON_ADIPOGENESIS_5	2.3633334310337527e-10	7.092626219135739e-8	0.8140358378479079	-0.546541632472367	-2.340129861219499	110	Rmdn3, Pparg, Slc5a6, Mgst3, Grpel1, Pcx, Por, Tomm40, Cebpa, Gpi1, Lman2, Atl2, Aco2, Fabp5, Ppa1, Coq9, Echs1, Psma1, Wfdc21, Tmem97, Sdhd, Crat, Mknk2, G6pdx, Esrra, Gnpat, Dnajb9, Myorg, Mdh2, Xbp1, Ptcd3, Chp1, Mrpl12, Pim3, Dbi, Rpp14, Tysnd1, Sorbs1, Psma5, Uqcr11, C3, Pex14, Ak2, Mrps34, Mrps26, Cox17, Ndufa8, Gucd1, Mrpl15, Gk, Timm23, Ndufb10, Miga2, Phb2, Uqcrh, Acadm, Isca2, Mrpl34, Cycs, Prelid3b, Fdx1, Ptges2, Mrpl18, Hk2, Pex11a, Jagn1, Igf2, Mtx2, Cisd1, Mpc2, Ginm1, Tob1
BURTON_ADIPOGENESIS_6	3.978961168633911e-6	2.7923523826525406e-4	0.610526878385931	-0.4026657147599419	-1.8374829203674168	171	Cbr1, Unc119, Slc25a10, Mrap, Cdkn2c, Acadl, Bnip3, Gpd1, S100a1, Reep6, Lcn2, Gbe1, Chpt1, Alas1, Decr1, Acaa1a, Coq5, Hibch, Cox7b, Mgst1, Chchd3, Mgll, Mpdu1, Dlat, Car2, Isca1, Pnpla2, Cd1d1, Suclg1, Gcsh, S100a8, Cidec, Hp, Nabp1, Uqcrq, Slc2a4, Ddt, Dlst, Nr1h3, Cmbl, Alad, Mrpl51, Pxmp2, Cox7a2, Orm1, Acads, Ppp2r5a, Uqcr10, Pla2g6, Thrsp, Ehd1, Sfxn1, Ndufb8, Cyb5a, Fasn, Cs, Sdha, Ndufc1, Reep5, Acaa2, 2310061I04Rik, Uck1, Ndufb5, Isoc1, Cox5b, Ndufs3, Phb2, Apoe, Hsd17b4, Agpat3, Dld, Dnajc15, Dhrs7b
BYSTRYKH_HEMATOPOIESIS_STEM_CELL_QTL_CIS	0.0010352662712060962	0.020560692636232836	0.45505986738722953	-0.3721120438755561	-1.6245645010893033	122	Cbr1, Sqor, Acadl, Cryz, Scoc, Cst3, Gpi1, Prdx2, Ctsc, Nub1, Flot1, Tbcb, Ttc7b, Cd1d1, Ccl9, Nabp1, Cnih1, Zmym6, Cd1d2, Alad, Mup3, Mrpl35, Dbi, Litaf, Rpl26, Emp1, Mrps7, D2hgdh, Med1, Gemin5, Ccr2, Nsdhl, Ifi205, Psmb6
CADWELL_ATG16L1_TARGETS_UP	3.12866169033521e-5	0.0013853303648517052	0.557332238758646	-0.49578259097767013	-1.9689440446907491	70	Apoc2, Vnn1, Hbb-bs, Hba-a1, Ifit1, Socs3, Inmt, Cd36, Pcx, 4931408D14Rik, Tha1, Cyp2e1, Cxcl1, Serpina10, Cidec, Hp, Ssr1, Fabp1, Thpo, Thrsp, Chac1, Acaa1b, Bloc1s6
CUI_TCF21_TARGETS_2_DN	1.838495257270614e-14	1.655258563295976e-11	0.9759946830643197	0.3776919951058313	1.9156909007008853	786	Noct, App, Grk5, Ankrd33b, Med12l, Amy1, Mapt, Fermt2, Tubb2a, Bace1, Garre1, Ppp1r13b, Calcrl, Myadm, Prkca, Sec11c, Rab3gap2, Hivep2, Slco2a1, Nebl, Ehd3, Serinc5, Btnl9, Cdkl2, Slc17a5, Adgrl4, Nid1, Adgrf5, Itgb1, Tmem64, Med13, Hspa1b, Tcp11l2, Dynlt3, Natd1, Gopc, Zeb2, Ecpas, Cyria, Lgalsl, Myo1e, Polb, Lmo2, Fmnl2, Ctdspl, Kdm7a, Pon2, Serpinb6b, Tcf21, Calm2, St6galnac3, Fam43a, Mme, Ablim3, Itsn1, Rreb1, Crim1, Dbt, Tmod3, Clock, Sntb1, Ednrb, Avpr1a, Wdfy1, Pde4dip, Dmxl1, Tgfbr2, Mbnl2, Atp7a, A630072M18Rik, Msrb3, Pura, Lasp1, Galnt10, Dpp4, Agfg1, Pde10a, Rnft1, Samd4, Col4a5, Prex2, Ston1, Mast4, Ggct, Lifr, Arvcf, Plpp1, Stard8, Rbpms, Ptprb, Rock1, Edem3, Ncoa4, Fam241a, Strn, Jcad, Ube2v2, Cpeb4, Zbtb4, Mtus1, Tgfbr3, Ptar1, Hspa12a, Myo1b, Gucy1a1, Timp3, Rora, Synj2bp, Arnt, Itpkb, Pakap, Zfp715, Dleu2, Znrf2, Gsn, Man1a, Mcl1, Crebbp, Dipk2a, Itga8, Cyp20a1, Parva, Zdhhc14, Ap4e1, Slc33a1, Slc36a4, Loxl2, Acbd5, Shroom2, Rerg, Cbfa2t3, Rasa2, Eml1, Itgb5, Zfx, Heatr5a, Adgra2, Mospd2, Map3k20, Htra1, Cpeb2, Trak2, Map3k2, P3h2, Mmrn2, Myo10, Ttll7, Uaca, Diaph2, Tasor, Slfn5, Qki, Dgkh, Fbxo3, Tek, Ets1, Plscr4, Ahnak, Art3, Tnfrsf11b, Acsl4, Kif5b, Hs3st6, Rapgef4, Rras2, Rictor, Hs3st3b1, Pcmtd1, Abca5, Nid2, Lpp, Snx13, Rapgef5, Mef2c, Myct1, Tpp1, Serinc1, B3gnt2, Card10, Zfp518a, Ccpg1, Slc48a1, Spop, Dstyk, Cemip2, Rps6ka5, Gprin3, Arhgap31, Endod1, Epn2, Elf1, Mcc, 4921524J17Rik, Otud7b, Slc12a2, Stk3, Fry, Tut7, Zfp319, Pdlim2, Serinc3, Usp9x, Arhgap29, Bicd2, Il6st, Fli1, Rbms1, Pum2, Cyyr1, Klf3, Taok1, Ptprj, Setd7, Nbeal1, Hhex, Trim30a, Ppp1r16b, Irf2bp2, Dennd6a, Ino80d, Nes, Slc35a5, Csgalnact2, Pals1, Cdc14a, Txnip, Stxbp3, Rnf13, Phlpp1, Daam2, Slc27a3, Nfil3, Ago4, Ssbp2, Adamts5, Cyp4b1, Cavin2, Pggt1b, Ppip5k2, Ifi204, Vps13a, Dcaf5, Fgd4, Afap1l2, Lztfl1, Gimap1, St8sia4, Lmbrd1, Cflar, Snap23
DURAND_STROMA_S_UP	9.594471431589057e-4	0.019934359489786186	0.47727081536286214	0.3461409796851521	1.5680945658564471	225	Ndrg1, Ifi27, Cldn1, Ppp1r13b, Calcrl, Plxna2, Angptl4, Car5b, Ehd3, Zdhhc2, Lpl, Pxmp4, Cyp2j6, Efna5, Lonrf3, Pdgfrb, Phospho1, Angel1, Lgalsl, Mmp15, Zfp618, Serpinb6b, Spon2, Slc39a8, Cxcl12, Serpinb1a, Igf1, Dclk2, Plpp1, Rgs4, Pdk4, Pakap, Tbx20, Sox5, Selp, Fut8, Pdgfra, Ltbp2, Adamts2, Col3a1, Htra3, Map9, Npr2, Depdc7, Loxl1, Alpl, Fgfr2, Nid2, Kbtbd7, Zfp518a, B3galnt1, Lrrc4c, Tmem47, Pde1a, Col1a2, Pear1, Rnf150, Sema3f, Capn6, Matn2, Nes, Zc2hc1a, Srpx2, Slc27a3, Ago4, Fat4, Pmp22, Adam19, Snai2, Ptprf, Rhobtb1, Serpinf1, Pbxip1, Col1a1, Col6a2, Cyp26b1, Fzd8, Mn1, Ccdc80, Gria3, Nck2, Rtn4rl1, 1500011B03Rik, Cdyl2, Mmp23, Itm2a, Tgfbi, Mmp2, Slfn9, Taf9b
FOSTER_KDM1A_TARGETS_UP	0.0015798851911248879	0.028074144087028435	0.45505986738722953	0.3828169481830009	1.630009850230429	138	Ntrk2, Ifi27, Slc30a3, Sftpd, App, Ncmap, Cdkn1a, Mycl, Ttc39c, Lpl, Sash1, Adh4, Qpct, Sptbn2, Mup2, Srd5a2, Itsn1, Aox3, Cyp2c55, Cela1, C8b
FOSTER_TOLERANT_MACROPHAGE_UP	0.00294918059580719	0.04259227106231883	0.4317076958033464	-0.32693488649779456	-1.458741926888376	149	Glrx, Tspo, Ifi44, Iqsec2, Irf7, Zdhhc18, Lcn2, Met, Marchf5, Ptges, Pik3ap1, Tmcc3, Hp, Clmp, Lmo4, H2-Q10, H2-Q4, Fpr1, Orm1, Stat1, Ifrd1, Slfn4, Adhfe1, Slc7a2, Igsf6, Rab20, Kpna4, Slamf9, Klra2, Tnfrsf1b, Isg20, Serpinb9, Slc25a37, H2-T10, Ppm1h, Rasgrp1, Jag1, Fpr2, Syk, Slc13a3, Il18bp, Cp, Itgal, Cycs, Rab32, H2-Q6, Smurf1, Galnt15, Il1rn, Ms4a6d, Gm6545, Aoah, Fbrsl1
FUJIWARA_PARK2_HEPATOCYTE_PROLIFERATION_DN	0.0025026130528615427	0.03818959240553123	0.4317076958033464	-0.8414380606602124	-1.7571121070692555	6	Mfsd2a, Acot3, Rtn4, Cyp4a14
GERHOLD_ADIPOGENESIS_UP	4.535240359929541e-5	0.0018283110764432376	0.557332238758646	-0.5643201890140397	-2.0540169820619933	46	Pparg, Pdha1, Cd36, Pcx, Gpx4, Vldlr, Vegfb, Fabp5, Cebpb, Ppa1, Stat3, Crat, Ldha, Cidec, Stat1, Acads, Lipe, Fasn, Gadd45a, Bckdha
GERY_CEBP_TARGETS	5.209996769325079e-5	0.00201031446770672	0.557332238758646	-0.42495392217521666	-1.8102831849341843	106	Pparg, Trib3, Glrx, Lpgat1, Dbp, Ank3, Lcn2, Echs1, Wfdc21, Mknk2, Cd1d1, Cxcl1, Dnajb9, S100a8, Hp, Per2, Sat1, Mafk, Nus1, Hgsnat, Gpcpd1, Ssr1, Ear2, Orm1, Gch1, Ifrd1, Slfn4, Kng1, Cd47, Prnp, Elovl6, Dnajb2, Acta2, Nsdhl, C3, Ifi205, Rnh1, Tgtp1, Lss, Slfn2, Grem2, Procr, Mvd, Xdh, Cd68, Atf3, Gla, Abcd2, Igf2, H2ac18, Plaur, Gsdme
GOBERT_OLIGODENDROCYTE_DIFFERENTIATION_DN	4.133220918572633e-5	0.0017443483907913565	0.557332238758646	0.28250333227610036	1.445143789399728	934	Ndrg1, Apba2, Dnmt3b, App, Mapt, Bak1, Pigt, D630045J12Rik, Bace1, Purg, Ctsf, Mpzl1, Kdm5b, Igfbp7, Notch1, Prkca, Dnmt3a, Rsf1, Rab3gap2, Nasp, Chic1, Hr, Ccng2, Serinc5, Ttc39c, Dbndd2, Nedd4l, Zdhhc2, Tcf4, Slc17a5, Cmtm6, Hbp1, Sash1, Pxmp4, Syngr1, Cyp2j6, Qpct, Id4, Dusp8, Hspa1b, Tcp11l2, Dynlt3, Zeb2, Ecpas, Arl5b, Epb41l2, Pxdn, Ablim1, Ldlrad3, Alcam, Cyp39a1, Pvt1, Nrep, Fmnl2, Abca7, Aatk, Eps8, Bmp1, Taf13, Septin4, Stk11ip, Msi2, Nhsl1, Nsd2, Cpm, Gas7, Slc44a1, Coq8a, Asap1, Wdfy1, Ncam2, Plxnc1, Fam234b, Sh3bp4, Mbnl2, Dzip1, Lsm11, Narf, Col4a5, Tfeb, Ttyh2, Cela1, Peli1, Fbxl3, Elmod2, Foxp1, Fam241a, Gab1, Dipk1a, Col16a1, Strn, Bche, Jcad, Sdsl, Pllp, Cdk19, Ppt1, Tgfbr3, Myrf, Pacs2, Cnp, Hdac5, Timp3, Rora, Abhd10, Nkd1, Dipk2a, Ltbp1, Wipi1, Camsap2, Kansl1, Zdhhc14, Zkscan1, Ranbp6, Chd4, Acbd5, Shroom2, Zfp24, E2f8, Snx30, Pnrc1, Epha7, Wasf1, Sap30bp, Timp2, Sft2d3, Mbd2, Fbxo44, Klhl24, Mospd2, Cln8, Plxnb1, Pdgfc, Deptor, Htra1, Pde9a, Cpeb2, Srcap, Atrn, Sptbn1, Lin9, Chml, Abcc10, Htra3, Efcab7, Tnrc6b, Mon2, Rap2a, Pcnx, Qki, Mex3b, Ptpre, Inppl1, Nlgn2, Alms1, Syne1, Spsb1, Helz, D16Ertd472e, Depdc7, Zfyve1, Rictor, Rtn2, Fgfr2, Bri3bp, Syt11, Cep78, Rad18, Pdlim7, Tpp1, B3gnt2, Iglon5, Lmf1, Impa2, Rftn2, Pard6g, Abca2, Rab11fip2, Hells, Ccpg1, Dennd6b, Slc48a1, Lrrc4c, Terf1, Pkp4, Cep192, Dctn3, Reln, Elf1, Acy3, Mapre2, Sgcb, P4ha1, Pigb, Slc6a6, Dbn1, Pex1, Prickle1, Pdlim2, Cerk, Hacd2, Sh3d19, Slc5a3, R3hcc1, Cnksr3, Arhgef25, Rbms1, Sned1, Mau2, Baz2b, Reep3, Pigk, Capn6, Trim2, Nbeal1, Ppp1r21, Ppp1r16b, Matn2, Reep1, Sesn3, Ube2h, Frat2, Ctsk, Klhl18, Syt1, Jam3, Col6a3, Txnip, Stxbp3, Ago4, Myo5b, Enpp2, Dnm3, Cep295, Arpc1b, Specc1, Naga, Lztfl1, Rab40c, Lmbrd1, Col20a1, Tbc1d23, Dnaaf9, Gnb4, Galnt11, Akt3, Cryab, Calcoco1, Fancb, Tctn2, Mxi1, Yipf4, Slc2a13, Col6a2, Col6a1, Itpr2, Wdr35, Btrc, Ikzf5, Entrep1, Trio, Pex5, 2700049A03Rik, Fzd8, Dock4, Nol4l, Lgals9, Rttn, Ddhd1, Btg1, Slc35a3, H2ac25, Mllt11, Ercc1, H2bc21, Grb14, Tpgs2, Pigg, Tm9sf3, Gadd45b, Col11a2, Svil, Fcgrt, Amotl2, Mapre1, Erbin, 2610021A01Rik, Gen1
GOLDRATH_ANTIGEN_RESPONSE	6.950259979748871e-4	0.015514588599422893	0.47727081536286214	-0.29408360667401284	-1.450102916735143	301	Hbb-bs, Slc39a4, Unc119, Cdkn2c, Glrx, Hopx, Wee1, Stard10, Plbd1, Crybg1, Bhlhe40, Errfi1, Cst3, Rbm3, Gnpda1, Hip1r, Tmem14c, Kpna2, Mgst1, Lrrc59, Efhd2, Incenp, Tmem97, Odc1, Tpi1, Ccnf, Car2, Sdhd, Mt1, Skap2, Ccl9, Cd24a, Snx10, Taf9, H2-Q10, Lgals1, S100a10, Map2k3, Alad, Ier3, Lmna, Siva1, Gstt1, S100a6, Dbi, Litaf, Rrm1, Ctla2b, Tmem126a, S100a13, Ran, Rhoq, H1f2, Ywhaq, Ccr5, Anln, Pld4, Gm4739, Socs2, Hmbs, Emp1, Dpagt1, Plscr1, Serpinb9, Ccr2, Adgre1, Reep5, C3, Rnh1, Carhsp1, H2az2, Gmnn, Ighg2b, Evi2a, Syce2, Lgals3, Snu13, Napsa, Emp3, 1810037I17Rik, Ncf4, Kif11, Tyrobp, Plp2, Abracl, Ech1, Cd68, Perp, Ak3
GOLDRATH_IMMUNE_MEMORY	0.0017954863948763116	0.030500683978370552	0.45505986738722953	-0.44547062226302664	-1.6849285658627182	60	Antxr2, Chchd7, Abcb1a, Ifnar2, Chpt1, Rnase4, Eci1, Rasa4, Sos2, Hcfc1r1, Prnp, Gpc1, Nr1d2, Sorbs1, Rras, Akr1c13, Cipc, Aqp9, Il10ra, Gk, Pros1, Rrm2b, Il15ra, Rpgr, Fhit
GRAESSMANN_APOPTOSIS_BY_DOXORUBICIN_UP	3.7444399913469374e-5	0.0016053543518457266	0.557332238758646	-0.2445290009671428	-1.339568318600823	1041	Impact, Hba-a1, Hmga1, Capn10, Slc20a1, Slc39a4, Ifit1, Ugt1a1, Usp18, Hs6st1, Gal3st1, Pctp, Psmb9, Apoh, Gns, Lpgat1, Sephs2, Rogdi, Ifit3, Gpd1, Dop1b, Mafb, Sbk1, Ifi44, Rgs16, S100a1, Stard10, Tmem51, Trabd, Gde1, Nacc1, Glul, Ola1, Isg15, Usp2, Tmem184b, Gpat4, Glud1, Irf7, Sirt7, Mx2, Eif2b2, Sgk2, Parp12, Nmi, Lman2, Alas1, Il15, Nub1, Ppa1, Lgals3bp, Pitpnm1, Mapkapk2, Cmpk2, Naa80, Hes6, Aamdc, Incenp, Gorasp1, Ccdc137, Sord, Tor2a, Myd88, Zap70, Camk2b, Gusb, Tcirg1, Crat, Tango2, Rasa4, Zbp1, Pnpla2, Oas1a, Esrra, Apaf1, Cxcl1, Srp14, Dnajb9, Mavs, Cntrl, Gstz1, Trim41, Shmt2, Lmo4, Ugt1a5, Desi1, Cd24a, Idua, Igfbp4, Adam15, Zfp738, Nabp1, Atg3, Arhgap27, Gbp7, Tlr3, Ly6d, 9130401M01Rik, Mafk, Pex26, Rcan1, Tkfc, Dram1, Ptpn1, Pitpnm2, Hyal1, Bcl2l11, Hgsnat, Map2k3, Irgm1, Alad, Cdc25a, Prss8, Rab11fip5, Gtpbp1, Slc12a7, Slc18a1, Ak4, Surf4, Pstpip2, C4b, Psme3ip1, Mtfr1l, Ddx60, Dcxr, Stat1, Gch1, Ogfod2, Calhm2, Plaat3, Siva1, Rtp4, Trim30d, Ppp5c, Chp1, Mx1, Timm22, Ces2e, Klhl22, Rgn, Jade1, Sf3a1, Shisa5, Sdc1, Litaf, Rassf5, Pla2g6, Frmd8, Bet1l, Sdhaf1, Pitpnc1, S100a13, Dmpk, Idnk, Rap1gap, Trim11, Ppcs, Rbm43, Aldh1l1, Uba7, Rhbg, Ppm1a, Chac1, H1f2, Asah2, Aldh4a1, Rxrg, Ehd1, Acaa1b, Hmg20b, Slc7a7, Pcyox1, Dnajb2, Ulk1, Msrb1, Ahcyl2, Abcb10, Tob2, Igtp, Ube2e1, Sh3yl1, Gadd45a, Cdr2, Slc35f6, Sh3bgrl3, Rtraf, Tecpr1, Jak3, Dhx58, Bag1, Trim12a, Eif4ebp1, Cul4a, Ficd, Tmem41a, Tiparp, Upf3b, Ifih1, Plekhg6, Slc25a44, Oasl1, Cd274, Apof, Isg20, Tgm2, Drap1, Wfs1, Ufd1, Prcp, Polr3d, Ube2i, Ccl2, Pdcd10, Ptgr1, Chchd10, Tlr2, Ap4s1, H2-T10, Zfp426, Pias3, Il18, Gpr146, Tgtp1, Carhsp1, Trim21, Sap18, Cstb, Ikbke, Il6ra, Qsox1, Acox3, Zfp385a, Gcdh, Syvn1, Napa, Clp1, Armc7, Glrx3, BC005624
GROSS_ELK3_TARGETS_DN	5.3690213287991966e-5	0.002042496705505159	0.557332238758646	-0.6625262296152132	-2.080317780300199	25	Socs3, Bnip3, Ifi44, Pgm1, Fth1, Bhlhe40, Vldlr, Gbe1, Ero1a, Csrnp1, Pdk1, Ak4, Plek, Fam162a, Maff
GUO_TARGETS_OF_IRS1_AND_IRS2	0.001394265159256975	0.026152154133007564	0.45505986738722953	-0.40179103346109574	-1.6850191401430203	95	Hmga1, Gns, Dhcr24, Crybg1, Tm4sf4, Cpt1a, Pck1, Gne, Bcl3, Sgk2, Cebpb, Fdft1, Msmo1, Rcan1, Agtr1a, Acat2, Gch1, Pitpnc1, Slc7a2, Ppm1a, Dnajb2, Ppargc1a, Tnfrsf1b, Mvk, Nsdhl, Taok3, Lss, Il6ra, Cyp51, Tat, Gk, Mvd, Ifi35, Nudt7, Sc5d, Sqle, Actb, Gck
HAN_JNK_SINGALING_UP	0.0032852159826605976	0.045504453175211665	0.4317076958033464	-0.5316655672353177	-1.7801700536264797	32	Impact, Ifit1, Usp18, Ifit3, Isg15, Gbp3, Irf9
HASEGAWA_TUMORIGENESIS_BY_RET_C634R	5.644522520528124e-4	0.013573842030005003	0.47727081536286214	-0.8774252856794765	-1.832261534861433	6	Serinc2, Ifit1, Usp18, Irf7, Cxcl1
HEVNER_CORTICAL_PLATE_POSTMITOTIC_PROJECTION_NEURONS	0.002549485298633588	0.038686290964097314	0.4317076958033464	0.44211574260737335	1.6906486123247	76	Ndrg1, Hivep2, Lpl, Tnik, Ablim1, Rspo3, Eps8, Itsn1, Lnx2, Spast, Hspa12a, Ifngr2, Sox5, Dact1, Dyrk2, Tusc3, Pde9a, Pcnx, Ttll1, Brd9, Cemip2, Ppp1r16b, Fat4, Akt3, Ssbp3, Gnal, Tmtc1, Cblb, Slc8a1, Gria3, Ttc39b, Dmxl2, Cdh13, Tspan5, Nin, Zfpm2
HOUNKPE_HOUSEKEEPING_GENES	1.0900350028237104e-4	0.0036802306782835526	0.5384340963099162	-0.23873477568258197	-1.315437963150206	1117	Asnsd1, Snap29, Dnajc11, 4933434E20Rik, Mfn2, Ap3m1, Stt3b, Gpx4, Vti1b, Comt, Appl1, Gpi1, Vdac1, Adrm1, Pdcd6, Fkbp8, Slc25a5, 1700123O20Rik, Lman2, P4hb, Nudt21, Cebpzos, Ier3ip1, Coq5, Dnaja3, Cmas, Gorasp2, Stat3, Marchf5, Get4, Psmd14, Lrrc59, Atp6v0e, Rab1b, Calm1, Akirin1, Kxd1, Ubl4a, Cdc34, Tpi1, Psmg3, Tbcb, Coasy, Ccnk, Ccdc47, Smad2, Mrps5, Egln2, Pptc7, Rhbdd2, G6pc3, Rps19bp1, Gnpat, Srp14, Taf10, Btf3, Psma6, Vps26a, Chchd1, Ufc1, Tmem259, Gtf3a, Sod1, Atg3, Sgta, Ppp2r1a, Rbm17, Pbx2, Snapin, Spag7, Nus1, Ell, Slc30a5, Copb2, Xpot, Arf4, Ost4, Coa6, Txn2, Iscu, Gtpbp1, Eif2ak1, Surf4, Aph1a, Mrpl51, Psme3ip1, Cdkn1b, Leng8, Tubg1, Ppp2ca, Mtfr1l, Slc25a3, Psmd3, Aida, Ppp5c, Chp1, Tex261, Timm22, Coa5, Tusc2, Emc8, B4galt7, Copz1, Ppp2r5a, Emc6, Yif1a, Bet1l, Srsf2, Mlec, Pmpcb, Slc25a11, Vps29, Ddx51, Srprb, Ldb1, Derl1, Stub1, Mrpl43, Sh2b1, Sec31a, Preb, Gdi2, Psmb1, Tmed4, Slirp, Pcyox1, Mettl9, Htt, Rpl22, Ywhaq, Guk1, Tomm20, Sumo1, Mccc2, Ctdnep1, Mea1, Rer1, Tmem248, Kpna4, Trip4, Ndufb8, Rpl35a, Wdr45b, Psma5, Psmd4, Tmem219, Mecp2, Mrps17, Psmb2, Stx5a, Nsmce4a, Tmem147, A430005L14Rik, Csnk1g2, Med10, Bag1, Lsm4, Gtf2f1, Igbp1, Ddb1, Hspe1, Rbck1, Mrps2, Sharpin, Mphosph10, Fcf1, Tut1, Cul3, Tmem230, Fbxw5, Psma7, Jtb, Cipc, Ube2i, Cuedc2, Ap2m1, Mrps30, Naca, Zfpl1, Ddx1, Zmat2, Eif5a, Rars2, Rrp36, E2f4, Hint1, Psmc3, Bfar, Zdhhc6, H2az2, Psmb6, Tomm70a, Sap18, Bmi1, Ak2, Psma2, Usp22, Med19, Cox17, Med25, Kdelr1, Ilf3, Ino80, Srm, Apeh, Arpc2, Prkar2a, Napa, Mrps9, Ncbp2, Mrpl17, BC005624, Ubp1, Eif1b, Eif4g2, Sec13, Arl6ip1, Cfl1, Spryd3, Chmp4b, Srsf1, Fam20b, Sar1a, Pabpn1, Arf1, Snx19, Lman1, Ccz1, Pgam5, Bod1, Actr1a, Clptm1l, Polr2j, Mrpl9, Bub3, Mrpl49, Ykt6, Ilkap, Dpy30, Pole3, Sdhaf2, Snf8, Tmem258, Ebna1bp2, Ube2r2, Dync1li1, Ssna1, Icmt, Pno1, Isca2, Epn1, Cdc26, Ssbp1, Psmd7, Mgrn1, Stau1, Fhip2a, Strap, Mrps25, Slc35a4, Rangap1, Zranb2, Pcmtd2, Acbd3, Tsr3, Sec24b, Hgs, Ak3, Zfyve21, Bad, Hsbp1, Denr, Vps52, Ssr3, Cdc42se1, Park7, Fiz1, Gatad1, Timm17b, Rrn3, Eri3, Zc3h15, Keap1, Atpaf1, Snx12, Mrpl18, Fibp, Rtcb, Tbl1xr1, Bap1, Pfdn2, Tada2b, Nucks1, Tmed1, Nop14, Ppp1r37, Ppp1cc, Jagn1, Son, Srebf2, Ubr4, Eif2s1, Cggbp1, Sugt1, Kifbp, Dhps, Pigh, Copg1, Arfgef2, Gtf2b, Rbmx2, Nap1l4, Gpn2, Skp1, Dnlz, Brms1, Pwp2, Psmd6, Asxl1, Tor1b
ICHIBA_GRAFT_VERSUS_HOST_DISEASE_35D_UP	7.758576149399607e-8	1.047795708976417e-5	0.7049757151672383	-0.4733772495120065	-2.0964149862051085	134	Psmb9, Lbp, Gbp3, Rbm3, Ctsc, Lrg1, Hck, Cxcl1, Mt1, S100a8, Snx10, Nabp1, S100a9, H2-Q10, Ptpn1, Irgm1, Nfkbiz, Ear2, Fpr1, Orm1, Stat1, S100a6, Shisa5, Litaf, Nampt, Ctla2b, Cfp, Atp1b3, Pld4, Pirb, Rras, Plac8, Itgb2, Orm3, Rnd2, Ccl2, Adgre1, C1qb, Tmsb4x, Ifi205, Tgtp1, Qsox1, Pdk3, C1qa, Mpeg1, Tspan4, Slfn2, Lgals3, Tap1, C1qc, Procr, Il18bp, Ncf4, Tyrobp, Gbp2, Cd14, Cd68, Pira1, Samhd1, Traf3ip2, Snx12, Cd5l, Hpx, Tapbp, Birc5, S100a11, Cyb561, Laptm5, Cyp26a1
ICHIBA_GRAFT_VERSUS_HOST_DISEASE_D7_UP	2.370816656892556e-8	4.0022348689167466e-6	0.7337619883564803	-0.4955823517748064	-2.159052687332423	119	Ifit1, Usp18, Psmb9, Irf1, Ifit3, Lbp, Crybg1, Isg15, Gbp3, Irf7, Fkbp11, Psme1, Lgals3bp, Flot1, Hck, Cxcl1, Mt1, Serpina10, Psmb8, Snx10, Gbp7, Ptpn1, Irgm1, Nfkbiz, Ear2, Stat1, Krt18, Shisa5, Litaf, Nampt, Ctla2b, Psme2, Uba7, Nek9, Pld4, Itpk1, Plac8, Orm3, Psmb10, Ccl2, Adgre1, C1qb, H2-T10, Tmsb4x, Ifi205, Tgtp1, Mpeg1, Tap1, C1qc, Procr, Ifi35, Il18bp, AW112010, Tyrobp, Gbp2, Xdh, Cd14, Il1rn, Samhd1, Cd5l, Ly75, Tapbp
JIANG_AGING_HYPOTHALAMUS_UP	6.818728671556188e-4	0.015347821784894387	0.47727081536286214	-0.5174556780444126	-1.8563170295728433	44	Hbb-bs, Hba-a1, Hba-a2, Rps12, Ppa1, Tpd52, Psmd14, Mt1, Psma6, Sod1, Cox7a2, C1qbp, Rpl17, Hspe1, Ndufc1, Cct6a, Akr1a1, Ndufb5
KAMIKUBO_MYELOID_CEBPA_NETWORK	0.0010901068660872143	0.021182580182025654	0.45505986738722953	-0.5861750857180991	-1.8405768687778359	25	Glrx, Lbp, Cebpa, Csf2ra, Lcn2, S100a8, Hp, S100a9, Lgals1, Itgam, Pgd, Adgre1, Il18
KANG_AR_TARGETS_UP	0.003696235481685224	0.049923748686697224	0.4317076958033464	0.6909804308903176	1.7861947221557262	13	Ahsg, Bmp1, Tuft1, Col4a1, Bmp5, Fgfr2, Col4a2, Col5a1, Col6a1
LANDIS_ERBB2_BREAST_PRENEOPLASTIC_DN	5.6084044453698616e-5	0.0021039306120755547	0.557332238758646	-0.5279445398359026	-1.967562526660919	53	Dhrs7, Rab34, Pdha1, Cd36, Pgm1, Gbe1, Chpt1, Decr1, Acaa1a, Mknk2, Gpd2, Cidec, Gstz1, Nr1h3, Alad, Ppp2r5a, Uqcr10, Atp1b3, Eif4ebp1, Chchd10, Acaa2, Uck1
LAZARO_GENETIC_MOUSE_MODEL_HIGH_GRADE_LARGE_CELL_NEUROENDOCRINE_LUNG_CARCINOMA_DN	9.510136981797576e-4	0.019912310068089342	0.47727081536286214	0.31180713745237454	1.4798549666132421	363	Grk5, Mapt, Fermt2, Asap2, Myadm, Prelp, Flvcr2, Mturn, Prf1, Fgfr4, Adgrf5, Cnr2, Ccm2l, Cyria, Slc43a3, Abca8b, Tcf21, Wdfy4, Plvap, St6galnac3, Ablim3, Kdr, Crim1, Eng, Bmp6, Esam, Slc39a8, Aox3, Dpp4, Prex2, Tie1, Ston1, Stard8, Ptprb, Lrat, Zbtb4, Fhl1, Pxdc1, Hhip, Pakap, Gsn, Pcdh1, Zfp366, Itga8, Npnt, Gpr182, Arhgap6, Prkd2, Robo4, Nrn1, Fam184a, Foxf1, Cbfa2t3, Gucy1b1, Il17rd, B130024G19Rik, P2ry10, Map3k20, Pde9a, Sptbn1, Aldh1a1, Mmrn2, Dll4, Syne1, Tek, Ets1, Plscr4, Sod3, Ahnak, Plxna1, Abca5, Cdkl5, Myct1, Shank3, Lbh, Cemip2, Mcc, Prickle1, 9530026P05Rik, Arhgap29, Abca6, Numb, Ltbp4, Rnf220, Cyyr1, Ppp1r16b, Dmd, Rhob, Pals1, Npr1, Arl15, Tnxb, Cyp4b1, Cavin2, Sox18, Gimap1, St8sia4, Lyve1, Pde5a, Plac9, Myh11, Cryab, Ms4a1, Dock4, Cyp2d22, Hmbox1, Efnb2, Cd79a, Cep85l, Gpm6a
LAZARO_GENETIC_MOUSE_MODEL_HIGH_GRADE_SMALL_CELL_NEUROENDOCRINE_LUNG_CARCINOMA_DN	1.6806320261919576e-4	0.005100434946903908	0.5188480777437918	0.2555295993460549	1.3359341756714893	1371	A330023F24Rik, Hacd1, Igfbp2, Cldn1, Grk5, Dsc2, Irf5, Fermt2, Serpine2, Lama3, Susd4, Garre1, Ptpru, Purg, Akap13, Kifc3, Calcrl, Disp2, Myadm, Plxna2, Sptb, Flvcr2, Slco2a1, Chic1, Wfdc1, Ttc39c, Emp2, Maz, Cmtm6, Eps8l2, Gask1a, Fgfr4, Sash1, Cyp2j6, Adgrl4, Ndst1, Nid1, Id4, Adgrf5, Stk4, Pole2, Rnf144b, Klc1, Epha1, Hspa1b, Mreg, Ces1e, Tcp11l2, Adgrv1, Gstp3, Sorbs2, Cnr2, Itga1, Ccm2l, Epb41l2, Phospho1, Ablim1, Cd4, Aqp1, Vipr1, Slc43a3, Mmp15, Ephx1, 4930523C07Rik, Atm, Zfp367, Pon2, Serpinb6b, Tcf21, Hes1, Cd151, Ccbe1, Ctnnbip1, Wdfy4, Aatk, Rsu1, Rai14, Spry4, Plvap, Stx1b, St6galnac3, Mme, Ablim3, Pkn3, Tinagl1, Kdr, Crim1, Eng, Septin4, Zcwpw1, Tmod3, Sntb1, Ednrb, 4933431E20Rik, Bmp6, Slc9a7, Cpm, Pop1, Rassf8, Esam, Slc39a8, Dlc1, Serpinh1, Tgfbr2, Serpinb1a, Dnph1, Msrb3, Cyp4v3, Nudt5, 9230114K14Rik, Dpp4, Ccn1, Samd4, Tnfaip2, Col4a5, Ttyh2, Spast, Tie1, Ston1, Lifr, Spats2, Plpp1, Stard8, Elmod2, Ptprb, Cyth3, Sec61a2, Mfsd4b3-ps, Lrat, Ctnnd1, Mad2l2, Rassf3, Col4a1, Jcad, Haus5, Zbtb4, Mapk4, Fhl1, Ppt1, Trim28, Rest, Pxdc1, Hhip, Lcp1, Rnf125, Clic4, Itpkb, Pakap, S1pr3, Gm15883, Dock8, Adgrl1, Gsn, C6, Mphosph9, Smo, Man1a, Mcl1, Dync2h1, Tnk2, Pcdh1, Zfp366, Npnt, Hsd3b2, Cep97, Gpr182, Ammecr1, Mamdc2, Rnf39, Arhgap6, Prkd2, Iigp1, Tram2, Efemp1, Robo4, Nrn1, Fbln5, Angptl2, Steap3, Eri2, Foxf1, Ccnd1, Epha7, Map2, Lrp2, Gucy1b1, Plk5, Olfml3, Itgb5, Rbbp7, Timp2, Aff1, Adgra2, Il17rd, Bmp4, P2ry10, Deptor, Cyp4f15, Htra1, Rad51c, 2310001H17Rik, Papss2, Sptbn1, Lamb1, Dgcr8, Adamts1, Mmrn2, Efcab7, Myo10, Mxra8, Vsir, Eml5, Diaph2, Slfn5, Smad3, Qki, Pola2, Ptpre, Irak2, Tek, Ets1, Ccdc125, Plscr4, Naa40, Fzd5, Ahnak, Ddias, Anp32e, Rapgef4, Tcf7, Plxna1, Syt11, Slc7a1, Slc44a2, Rfwd3, Cep78, Mef2c, Atp8b4, 4930556M19Rik, Myct1, Dek, Shank3, Tcp11l1, Tpp1, Lmnb1, Elk3, Stambpl1, Rbbp8, Ephb4, Rftn2, Timeless, Flt4, Ipo9, Camk1d, Gpihbp1, Epha2, Arhgap32, Col4a2, Tmem47, Tent5c, Cemip2, Frat1, Gprin3, Pi4k2b, Mcc, Rabggtb, Cbx3, Zfp41, Huwe1, Traf4, Dhrs3, Pde1a, Mitf, Prickle1, Pdlim2, Ptgis, Atf7, Ddr2, 9530026P05Rik, Igfbp5, Diaph1, Sp100, Pear1, Ctnna1, Arhgap29, Abca6, Magi3, Il6st, Mir99ahg, Numb, Pecam1, Ltbp4, Mal2, Cdc42ep2, Cplx2, Ccdc34, Cyyr1, Nqo2, Sema3f, Ccnd2, Luzp1, Hid1, Sipa1, Nbeal1, Ppp1r16b, Nes, Rhob, Lpar6, Arhgap33, Csgalnact2, Pals1, Npr1, Tnxb, Srpx2, Col6a3, Clec7a, Stxbp3, Rnf13, Chst15, Fndc10, Daam2, Ago4, Cyp4b1, Cavin2, Sox18, Ifi204, Clstn3, Smim3, Adam19, Snai2, Angpt2, Nelfcd, Gimap1, St8sia4, Rbbp4, Gtf2ird1, E2f1, Gemin6, Ifngr1, Cflar, Nrxn2, Snap23, Pde5a, Dennd1c, Iah1, Stab1, Plac9, Mob3a, Eps8l1, Cd93, Gnl3l, Cryab, Chek2, Hvcn1, Myl12b, Fbxo47, Ms4a1, Mfge8, Zfp521, Klhl6, Col6a2, Col6a1, Itpr2, Adamtsl1, Gstm5, Wdr35
LAZARO_GENETIC_MOUSE_MODEL_HIGH_GRADE_SMALL_CELL_NEUROENDOCRINE_LUNG_CARCINOMA_UP	2.844764479726661e-6	2.259914370512268e-4	0.6272567397185284	0.34653050786734774	1.6713557598512099	441	Sertad4, Brsk2, Fbxl16, Cbx6, Dna2, Cdkn1a, Nasp, Gpr162, Zdhhc2, Ddx11, Trim37, Macrod2, Msh3, Eri1, Mcm7, Dot1l, Nrxn1, Ctdspl2, Bok, Mcm5, Cadm4, Zfand4, Tubb5, Cdk2, Blm, Nsd2, Parp6, Pola1, Grik5, Ift80, Dnmt1, Dclk2, Paxip1, Mcm4, Myef2, Pigf, Phc1, Atad5, Ankrd13b, Sstr2, Samd14, Syt9, Cenpa, Rfc5, Mcm2, Ints7, Tyms, Stmn1, Smc4, Slc36a4, Psd, Ncaph, Mms22l, Mtf2, E2f8, 3000002C10Rik, Fancm, Mcm3, Msh6, Rfc1, Cdh2, Fbxo44, Pold1, Trp53i11, Wdhd1, Prmt1, Smc5, Kif22, Lin9, Zranb3, Agpat5, Hirip3, Map9, Alms1, Gpld1, Tsn, Cdca8, Cbx5, Abi2, 4930579G24Rik, Tacc3, Rtn2, Tdrkh, Mcm6, Rad18, Kdm1a, Zbtb41, Nup155, Uba2, Zfp512b, Hyls1, Med14, Casp3, Hells, B3galnt1, Smc2, Gm13421, Dhx9, Rcc2, Gpr19, Wdr6, Srd5a1, Lhx2, Cdk5r1, Sarm1, Coprs, Hsf2, Lancl2, Strbp, Rev3l, Ppat, Uhrf1, Sumo3, Cdk1, Nrm, Larp7, Zbed3, Trmt6, Scamp5, Pcgf6, Ccne2, Prim1, Sesn3, Fam120c, Syt1, Ubap2, Rpa1, Xrcc6, Dhrs13, Rfc4, Ckap5, Ppip5k2, Rbl1, Celsr2, Bex3, Ncapg2, Pcna, Ska2, Hap1, Zfp60, Aspm, Plk4, Psip1, Cstf3, Ddc, Kif18a, Lig1, Slc8a1, Bub1b, Ccnb2, Gen1, Bzw2, Ehbp1, 1500011B03Rik, Mki67, Top2a, Pole, Sephs1, Tmx1, Aplp1, Pcbp4, Cand1
LEIN_OLIGODENDROCYTE_MARKERS	0.0017426074486377506	0.029979507762869836	0.45505986738722953	0.487035396290156	1.7981991220615983	58	Ndrg1, S1pr5, Serinc5, Aatk, Septin4, Slc44a1, Serpinb1a, Ttyh2, Gjb1, Myrf, Pacs2, Cnp, Clic4, Gsn, Plekhb1, Qki, Syt11, Abca2, Slc48a1
LIM_MAMMARY_LUMINAL_MATURE_DN	3.552878578197283e-4	0.009501311920505804	0.49849310876659025	0.4728840658358061	1.8225149216540797	80	Ntrk2, Irx1, Lpl, Lama1, Epb41l2, Tpst1, Cald1, Cyria, Nrep, Tubb6, Tinagl1, Serpinh1, Col16a1, Col4a1, Tgfbr3, Itpkb, Pakap, Htra1, P3h2, Ets1, Foxn3, Sparcl1, Cygb, Col4a2, Tmem47, Igfbp3, Rap2b, Prickle1, Ltbp4, Fstl1, Nes, Snai2, Cryab, Zfp521, Col6a2, Col6a1
LIM_MAMMARY_STEM_CELL_DN	1.9971356132767284e-6	1.6857072785813885e-4	0.6272567397185284	-0.33022465658902467	-1.6641271887903963	362	Smim1, Sqor, Rmdn3, Ctps2, Anxa7, Slc5a6, Gatb, Gjb2, Dhcr24, Tlr5, Snap29, Acot4, Slc37a1, Stard10, Glul, Pafah1b3, Pomt1, Decr2, Reep6, Lyplal1, Pacsin3, Bcl3, Psme1, Shmt1, Bola1, Chpt1, Aldh5a1, Tspan17, Lgals3bp, Tpd52, Cmas, Prr13, Acot13, Pnpo, Hmgcl, Coasy, Car2, Dennd2d, Dtx3l, Tcirg1, Ngef, Tango2, Rhbdd2, Neu1, Stxbp2, Psmb8, Ppa2, Zfand2b, Cd24a, Snx10, Arhgef16, Nudt1, Uros, Tlr3, Nipsnap3b, Tmem181a, Alad, Pxmp2, Cblc, Gm5617, Krt18, Tom1, Arrdc4, Acad10, Stap2, Mrps21, Rpl22, Pak1, Sgsm3, Tmprss2, Mccc2, Sfxn1, Rer1, Nup37, Zfp334, Mvp, Abhd11, Dhx58, Pcbd2, Tmem41a, Pgd, Hcar2, Krt8, Vill, Isg20, Tsg101, Tgm2, Atp1b1, Nhlrc3, Frk, Slc46a3, Zfp524, Oxld1, 6030458C11Rik, Ppm1h, Gcc2, Foxa1, Akip1, Atp6v0e2, Slc5a1, Sytl4, Epcam, Sigirr, Mrpl9
LIM_MAMMARY_STEM_CELL_UP	7.741776470410478e-8	1.047795708976417e-5	0.7049757151672383	0.3894134637889232	1.838927941486649	343	Ntrk2, Hacd1, Igfbp2, Col5a2, P3h1, Fermt2, Lama3, Pcdhgc3, Cdkn1a, Plxna2, Msx1, Prrx1, Tcf4, Lamc1, Id4, Itgb1, Tmem64, Lama1, Itga1, Tpst1, Poglut2, Cald1, Myc, Tubb6, Bag3, Bmp1, Mme, Mical2, Tinagl1, Ednrb, Serpinh1, Msrb3, Smim13, Ttyh2, Ngfr, Tie1, Lifr, Abi3bp, Plpp1, Stard8, Rbpms, Foxp1, Slc1a5, Col16a1, Irag1, Col4a1, Sntb2, Fhl1, Tgfbr3, Cnp, Pxdc1, Rnd3, Timp3, Pakap, Smtn, Adgrl1, Gsn, Col18a1, Siah2, Dipk2a, Eva1a, Erf, Nrg1, Mamdc2, Nsg1, Angptl2, Fam184a, Sec24d, Adgra2, Il17rd, Htra1, Tsku, P3h2, Lamb1, Adamts2, Adamts1, Vsir, Qki, Ptpre, Nlgn2, Ets1, Dkk3, Rusc2, Cygb, Fmod, Mef2c, Pdlim7, Itga6, Elk3, Card10, Pard6g, Lbh, Col4a2, Tmem47, Reln, Igfbp3, Sgcb, Chst7, Prickle1, Ndn, Arhgef25, Slc6a8, Il6st, Ltbp4, Cdc42ep2, Ccnd2, Luzp1, Ppp1r16b, Matn2, Gpsm1, Antxr1, Jam3, Slc27a3, Ssbp2, Enpp2, Cavin2, Col14a1, Rcn3, Dcun1d3, Snai2, Dchs1, Gnb4, Serpinf1, Phlda3, Akt3, Myh11, Cryab
LI_INDUCED_T_TO_NATURAL_KILLER_UP	1.8542859969593292e-6	1.6156214444474671e-4	0.6435518361507222	-0.36464190190208506	-1.7725715701033424	257	Pltp, Hba-a1, Capns1, Slc39a4, Spp1, Glrx, Hopx, Tspo, Samd9l, S100a1, Crybg1, Bhlhe40, Ftl1, Vti1b, Comt, Errfi1, Uap1l1, Lgals3bp, Prr13, Eci1, Gng2, Zfp608, Mt1, Prrc1, Msmo1, Xbp1, Asah1, Castor1, Lgals1, S100a10, Ier3, Lmna, Dcxr, S100a6, Mlkl, Tmem120a, Pim3, Litaf, Tmem126a, Mindy1, S100a13, Vps29, Glipr1, H1f2, Ccn2, Tent5a, Gpc1, Itgb7, Ccr5, Tmem238, Dhrs11, Mvp, Emp1, Sh3bgrl3, Med10, Fcer1g, Gvin1, Fcgr3, Plscr1, Asb2, Vps50, Aqp9, Reep5, Vim, Rab4a, Cstb, Jaml, Cyp51, Gcnt1, Dok2, Evi2a, Calhm6, 2900026A02Rik, Haao, Furin, Lgals3
MARKEY_RB1_ACUTE_LOF_DN	2.603524336050158e-8	4.136540724512633e-6	0.7337619883564803	-0.4129953334518399	-1.9417232188884477	218	Dhrs7, Ifit1, Socs3, Znfx1, Usp18, Psmb9, Glrx, Ifit3, Bhlhe40, Acp2, Isg15, Gbp3, Irf7, Smpdl3a, Aldoc, Csf2ra, Lgals3bp, Irf9, Cmpk2, Mid1ip1, Hes6, Ero1a, Egln1, Hck, Mt1, Skap2, Ccl9, Psmb8, Hp, Pdk1, Ldlr, Gbp7, Sat1, Gmfg, Fermt3, Ak4, H2-Q4, Fpr1, Stat1, Nampt, Rtf2, Cfp, Psme2, Uba7, H1f2, Hipk3, Itgam, Pla2g7, Msrb1, Ap3s1, Igtp, Plac8, Fam162a, Rbbp9, Gadd45a, Cacul1, Itgb2, Casp4, Cd300c2, Ifih1, Isg20, Psmb10, Serpinb9, Mkrn1, Chchd10, Adgre1, C1qb, H2-T10, Tgtp1, Hcls1, Mpeg1, Slfn2, Sh3bgrl2, Evi2a, Nsun4, Tap1, C1qc, Adar, Napsa, Ift20, Procr, Ifi35, Il18bp, Ncf4, AW112010, Tyrobp, Gbp2, Xdh, Daxx
MARKEY_RB1_CHRONIC_LOF_UP	2.7028204840860996e-4	0.007449304211751587	0.49849310876659025	0.45093417122271084	1.7855699119604826	92	Egr1, Cbx6, Cdkn1a, Trim37, Tpst1, Mcm7, Aqp1, Cdk2, Zmym4, Pola1, Cxcl12, Dnph1, Ercc5, Dnmt1, Dok1, Cyth3, Cbx2, Foxp1, Slc1a5, Scmh1, Mcm2, Stmn1, Casp2, Ncaph, Prdx4, Angptl2, Pdgfra, Pold1, Wdhd1, Pml, Piga, Nfix, Uhrf1, Sema3f, Prim1, Col6a3, Slc27a3, Map3k4, Rbl1, Angpt2, Pcna
MA_RAT_AGING_UP	1.3632431091630963e-4	0.00438347575934467	0.5188480777437918	-0.43919762527161	-1.8097096884173052	85	Ifit3, Tspo, Fth1, Errfi1, Rps12, Lrg1, Mgst1, Odc1, Oas1a, Mt1, S100a8, Hp, Eef1a1, S100a9, Gda, Sdc4, Serpine1, Ier3, Rpl30, Rpl17, Rplp0, Plac8, Gadd45a, Ucp2, Tmem176a, Oasl1, Fcer1g, Tmsb4x, Rps20, Il1b, Ighg2c, Lgals3, Napsa, Procr, Rps24, Tyrobp, Xdh, H2-Q6, Cxcr4, Hk2, Gapdh, Ifi27l2a, Eef2, S100a4, Ccl6, Lyz2, Rpl7, H2-D1, Nqo1, Enc1, Rgs2
MIKKELSEN_MCV6_LCP_WITH_H3K4ME3	0.0034178365757493397	0.046860794878674956	0.4317076958033464	-0.3520039130910594	-1.5367765458392468	122	Glrx, Lbp, Iqsec2, Lgals3bp, Il17rc, Ccdc120, Dqx1, Zbp1, Slc25a45, Snx10, Dab2ip, Zmym2, Rab17, Mrps21, Tnfsf13, Tmem248, Gbgt1, Unc13d, Tapbpl, Tmem176a, Syne3, Vwa5a, Isg20, Serpinb8, Serpinb9, Notch4, Trim21, Rnf123, C1rl, Ikbke, Prickle3, Gpr35, Slfn2, Rufy4, Ankrd49, Emp3, Ifi35, Cox7a1, Rorc, Gbp2, Xdh, Mr1, Galnt15, Prrg2, Cfh, Pdzk1ip1, Rsad2
NABA_CORE_MATRISOME	5.524069338469765e-10	1.4920511283206836e-7	0.8012155746177786	0.5313281574935191	2.2843429070265353	152	Igfbp2, Col5a2, Omd, Lama3, Ntn1, Igfbp7, Prelp, Ccn4, Lamc1, Mfap1a, Nid1, Lama1, Ints14, Pxdn, Rspo3, Lama5, Col5a3, Dcn, Ecm1, Tinagl1, Crim1, Spon2, Mfap3, Sparc, Ccn1, Col4a5, Ogn, Oit3, Bgn, Abi3bp, Col16a1, Col4a1, Fras1, Col18a1, Lum, Ltbp1, Npnt, Efemp1, Lama2, Fbln5, Thbs2, Kcp, Hmcn2, Ltbp2, Tsku, Vwa1, Lamb1, Col3a1, Mmrn2, Bglap3, Sparcl1, Papln, Nid2, Fmod, Agrn, Col4a2, Eln, Reln, Igfbp3, Col1a2, Igfbp5, Ltbp4, Sned1, Igsf10, Matn2, Ntn3, Fbn1, Tnxb, Srpx2, Col6a3, Emilin1, Col14a1, Col20a1, Efemp2, Col1a1, Col5a1, Mfge8, Gldn, Col6a2, Col6a1
NABA_MATRISOME	1.1022827965029503e-7	1.4177456349306995e-5	0.7049757151672383	0.3557419615363193	1.7387550558519214	500	Sftpd, Igfbp2, Col5a2, P3h1, Omd, Serpine2, Lama3, Itih5, Ntn1, Serpina12, Wnt5a, Ctsf, Inhba, Loxl4, Plxna2, Igfbp7, Prelp, Angptl4, Ccn4, Lamc1, Mfap1a, Nid1, Lama1, Ints14, Pxdn, Rspo3, Lama5, Lgalsl, Mmp15, Col5a3, Serpinb6b, Ccbe1, Bmp1, Gdf15, Dcn, Ecm1, Tinagl1, Crim1, F12, Spon2, Gdf2, Mfap3, Bmp6, Adam11, Sparc, Cxcl12, Serpinh1, Serpina1e, F13b, Plxnc1, Hgf, Serpinb1a, Plxna4, Igf1, Ccn1, Col4a5, Cela1, Hcfc2, Fgf11, Ogn, Oit3, Bgn, Abi3bp, Adamtsl2, Adamts13, Col16a1, Serpina1c, Col4a1, Fras1, Adam17, Sema3d, Sema4c, Hhip, Bmp2, Timp3, Hpse, Colec11, Colec10, Col18a1, Serpina1a, C1ql4, Lum, Ltbp1, Npnt, Nrg1, Cela2a, Tpo, A2ml1, Efemp1, Loxl2, Lama2, Fbln5, Thbs2, Angptl2, Gpc6, Clec1b, Kcp, Clec11a, Serpina3k, Hmcn2, Timp2, Bmp5, Bmp4, C1qtnf1, Plxnb1, Pdgfc, Ltbp2, Htra1, Tsku, Vwa1, Mug2, P3h2, Lamb1, Adamts2, Adamts1, Col3a1, Htra3, Mmrn2, Ovgp1, Bglap3, Adamts15, Gdf10, Loxl1, Sparcl1, Papln, Plxna1, Nid2, Fmod, Agrn, Bmp10, Cbln3, Itih2, Clec4g, Col4a2, Eln, Wnt4, Reln, Igfbp3, P4ha1, Ogfod1, Col1a2, Igfbp5, Ltbp4, Sned1, Plod1, Adamts9, Tgfa, Igsf10, Itih1, Sema3f, Angptl6, Fstl1, Ccl25, Matn2, Ntn3, Adam33, Fbn1, Ctsk, Lgals4, Tnxb, Srpx2, Col6a3, Clec7a, Emilin1, Adamts5, Col14a1, Adam19, Wnt5b, Angpt2, Col20a1, Efemp2, Wnt9b, Sftpa1, Serpinf1, Col1a1, Col5a1, Mfge8, Gldn, Col6a2, Col6a1, Adamtsl1, P3h3, Sulf1
NADLER_OBESITY_DN	2.0712872437373745e-8	3.7296978968897654e-6	0.7337619883564803	-0.669352528931183	-2.420101765998626	45	Fmo1, Hbb-bs, Cdkn2c, Pcx, Pck1, Srebf1, Gbe1, Ppa1, Echs1, Cyp2e1, Fdft1, Gpd2, Hp, Sod1, Eef1a1, Ddt, Dbi, Thrsp, Gng11
OHGUCHI_LIVER_HNF4A_TARGETS_DN	3.22901211321985e-4	0.008721561717806815	0.49849310876659025	0.37473598387214296	1.65845096488668	193	Timd2, Ugt3a1, Enho, Cfhr1, Cldn1, Cyp2c37, Mup1, Serpina12, Cyp2u1, Ttc39c, Serpina4-ps1, Slc22a7, Adh4, C9, Cyp2c50, Cyp2d9, Ces1e, Sdr9c7, Hsd17b2, Pglyrp2, Cyp7b1, Pla2g12b, Slco1a1, Zfand4, Ugt2b38, F12, Iyd, Cyp2a12, F13b, Cyp4v3, C8b, Lifr, Slc17a3, Tfpi2, Lipc, Pxdc1, C6, Serpina1a, Sucnr1, Ces3b, Hsd3b2, Nat8f5, Ethe1, Cyp2d10, Cyp2c54, Serpina3k, Cyp2c70, Insc, Keg1, Enpp3, Abcc6, Ugt2a3, Mug1, Slc22a30, Mfsd4b1, Fam107b, Slc45a3
PILON_KLF1_TARGETS_UP	5.9575247473173184e-5	0.0022042841565074077	0.557332238758646	0.3246759564419327	1.5672181693328326	442	Ahsg, Igfbp2, Pkd2, Col5a2, Ing4, Fermt2, Dnaja4, Garre1, Loxl4, Plxna2, Igfbp7, Lpl, Ptprd, Trmt10a, Dusp8, Igf1r, Med13, Setdb1, Pxdn, Alcam, Cald1, C2cd3, Abca8b, Ccnt1, Pon2, Ric1, Itsn1, Dcn, Septin4, Cxadr, Sntb1, Tuft1, Ednrb, Slc44a1, Asap1, Lect2, Tbx6, Sparc, Esam, Slc39a8, Dlc1, Serpinh1, N4bp2, Tspan9, Cop1, Daam1, Hectd1, Cgn, Agfg1, Cela1, Bgn, Acox2, Ptprb, Larp4b, Irag1, Col4a1, Emsy, Cpeb4, Tgfbr3, Ptar1, Pigm, Gucy1a1, Timp3, Abcc9, Pcsk7, Shoc2, Col18a1, Akr1b8, Fbxo9, 2610005L07Rik, Enox2, Lum, Pkdcc, Kmt2a, Hsd3b2, Zfp266, Loxl2, Wdr19, Gpc6, C2cd2, Pir, Cdh2, Stab2, Ryk, Abcg2, Deptor, Col3a1, Fzd5, Acsl4, Hs3st3b1, Dnajc22, C1s1, Fgfr2, Nid2, Rabgap1, Slc44a2, Lpp, Rad18, Gtf2ird2, Agrn, Ppp6r3, Flt4, Xpr1, Mib1, Nbr1, Itih2, Tent5c, Prss53, Huwe1, Ndn, Col1a2, Slc6a8, Arhgap29, Rbms1, Islr, Rnf20, Pum2, Asb1, Itih1, Fstl1, Tlk1, Chd8, Hnf4a, Herc4, Kif2a
REACTOME_AEROBIC_RESPIRATION_AND_RESPIRATORY_ELECTRON_TRANSPORT	2.195242880419607e-15	2.9646755100066794e-12	1.0073179568744748	-0.5100701669728126	-2.3908466530818537	209	Pdha1, mt-Nd3, Coq10b, Suclg2, Got1, Pcx, Pdk2, Vdac1, Dmac2, Got2, Aco2, Rab5if, Cox7b, Fh1, Dlat, Sdhd, Ndufv2, Surf1, Isca1, Cox7a2l, Suclg1, Ldha, Gstz1, Pdk1, Mdh2, Cox19, Uqcrq, Dlst, Ndufs7, Iscu, mt-Co3, Ndufs2, Ndufa2, Uba52, Cox7a2, Coa5, Ndufa10, Ndufaf4, Hspa9, Adhfe1, Uqcr10, Sdhaf1, Idh3g, Slc25a11, Cox6c, Smim20, Atp5pb, Ndufb8, Pdhx, Ucp2, Cs, Ndufa12, Mrps36, Ndufs6, mt-Co1, Ndufs5, Sdhaf4, Sdha, Tmem126b, D2hgdh, Gpt, Ndufc1, Gm10053, Cox16, Sucla2, Cox17, Pdk3, mt-Co2, Ndufa8, Ndufb5, mt-Nd1, Pgam5, Idh3a, Cox5b, Ndufb10, Ndufs3, Sdhaf2, Uqcrh, Cox8a, Trap1, Dld, Cox5a, Hscb, Cox7a1, Isca2, L2hgdh, Ndufa11, Rps27a, Cycs, Uqcrc1, Timm21, mt-Cytb, Ndufs1, Ndufb1, Ndufb11, Slc25a13, Ndufb9, Sdhb, Ndufc2, Pdhb, Ndufa7, Acat1, Ndufa4, Uqcrc2, Uqcrfs1, Ndufaf5, Ndufa5
REACTOME_ANTIGEN_PROCESSING_CROSS_PRESENTATION	6.32972019521201e-7	7.123572603028184e-5	0.6594443980379349	-0.5364537605636642	-2.161466005881422	75	Cd36, Psme1, Psmd9, Psmc6, Psmd14, Psma1, Psma6, Psmb8, H2-Q10, H2-Q4, Psmd3, Psme2, Psmb1, Psma3, Psma5, Psmd4, Psmb2, Psmc4, Psma7, Psmb10, H2-T10, Psmc3, H2-Q1, Psmb6, Psma2, Tap1, Vamp8, Ncf4, Psmd7, Sec22b, H2-Q6, Tapbp, H2-K1, Ncf1, Psmd6, H2-T22, Psmc5, Psmd12, Psmb4, Psmd13, Psmf1, Psmc1, Tap2, Cybb, Psma8, Ncf2, Psmd5
REACTOME_CARBOXYTERMINAL_POST_TRANSLATIONAL_MODIFICATIONS_OF_TUBULIN	0.003261182191934563	0.0454043974248209	0.4317076958033464	0.6862547198606876	1.8146817804945423	14	Tubb2a, Tuba1b, Tubb6, Tuba8, Tuba1a, Ttll7, Tubb4b, Tuba4a, Ttll13, Tuba1c
REACTOME_CELLULAR_RESPONSE_TO_CHEMICAL_STRESS	2.6309112342344146e-7	3.196185132982144e-5	0.674962860011025	-0.4448158845532865	-1.9822035747024713	150	Hbb-bs, Hba-a1, Hbb-bt, Prdx6, Psme1, Psmd9, Prdx2, P4hb, Cox7b, Psmc6, Ero1a, Psmd14, Psma1, Cox7a2l, Psma6, Psmb8, Sod1, Hdac3, Mafk, Txn2, mt-Co3, Hmox2, Uba52, Cox7a2, Psmd3, Fabp1, Map1lc3b, Psme2, Cox6c, Psmb1, Psma3, Psma5, Psmd4, Psmb2, Carm1, Cul3, Rxra, Psmc4, mt-Co1, Psma7, Psmb10, Ufd1, Med1, Psmc3, Gm10053, Trim21, Psmb6, Psma2, mt-Co2, Chd9, Cox5b, Cox8a, Cox5a, Cox7a1, Ncf4, Psmd7, Rps27a, Cycs, Keap1, Prdx1, Tbl1xr1, Ncf1, Skp1, Ndufa4, Psmd6, Psmc5, Psmd12, Nudt2, Cox4i1, Abcc1, Gpx7, Rbx1, Vcp, Psmb4, Psmd13, Psmf1, Cox6b1, Psmc1, Cybb
REACTOME_CHROMATIN_MODIFYING_ENZYMES	1.4842884870881749e-5	7.564270195519171e-4	0.5933254763964051	0.43477630000641304	1.865826287449026	147	Ing4, Kdm5b, Dnmt3a, Nsd1, Setdb1, Dot1l, Kdm7a, Gatad2b, Kdm4b, Kmt5c, Nsd2, Rcor1, Smarcd1, Ncoa1, Kdm4a, Rest, Atf2, Setd1a, Hdac1, Kat6a, Kmt2a, Kansl1, Kdm5d, Aebp2, Chd4, Atf7ip, Ccnd1, Rbbp7, Kdm5a, Brwd1, Prmt1, Kdm1a, Kat8, Ehmt1, Smarce1, Phf2, Coprs, Jade3, Kdm3a, Pbrm1, Prdm9, Setd7, Kdm2a, Kmt2d, Arid4b, Phf8, Ncor2, Ncoa2, Kmt5b, Rbbp4, Kmt2b, Mta3, Nsd3, Mta2, H2ac25, H2bc21, Nfkb1, Hdac8, Prmt7, Kdm6b, Arid1a, Wdr5, Ash1l
REACTOME_CITRIC_ACID_CYCLE_TCA_CYCLE	4.0319045880580925e-6	2.7923523826525406e-4	0.610526878385931	-0.6556836871684754	-2.202971173110675	33	Suclg2, Aco2, Fh1, Sdhd, Isca1, Suclg1, Mdh2, Dlst, Iscu, Sdhaf1, Idh3g, Cs, Mrps36, Sdhaf4, Sdha, Sucla2, Idh3a, Sdhaf2, Trap1, Dld, Isca2
REACTOME_CROSSLINKING_OF_COLLAGEN_FIBRILS	0.002021113442101727	0.03268878686896266	0.4317076958033464	0.7097412592538298	1.834691743356453	13	Loxl4, Pxdn, Bmp1, Col4a5, Col4a1, Loxl2, Loxl1, Col4a2, Col1a2, Col1a1, Loxl3, Col4a4, Pcolce
REACTOME_DEGRADATION_OF_CYSTEINE_AND_HOMOCYSTEINE	0.002994799915984882	0.04277254447034218	0.4317076958033464	-0.7027533476426188	-1.790748524724506	12	Fmo1, Sqor, Slc25a10, Txn2, Suox
REACTOME_DEVELOPMENTAL_BIOLOGY	3.0553392571178016e-5	0.0013754118889125304	0.557332238758646	0.3681299144316818	1.7025110361388307	276	Col5a2, Dsc2, Tubb2a, Cdkn1a, Plxna2, Itga5, Sptb, Tuba1b, Tcf4, Ctnnb1, Itgb1, Efna5, Epha1, Sptbn2, Tubb6, Col5a3, Creb1, Stx1b, Itsn1, Cdk2, Adam11, Cxcl12, Plxnc1, Tuba8, Plxna4, Col4a5, Dok1, Rock1, Tuba1a, Gab1, Col4a1, Csnk2a2, Hdac1, Pkp2, Cela2a, Arhgef11, Epha7, Cdh2, Rnd1, Plxnb1, Pip5k1c, Sptbn1, Col3a1, Smad3, Xpo1, Dock1, Tcf7, Plxna1, Mef2c, Pdlim7, Shank3, Ephb4, Evpl, Epha2, Col4a2, Mapk7, Pkp4, Rps6ka5, Reln, Ap2b1, Cdk5r1, Mitf, Tubb4b, Ctnna1, Numb, Dok4, Trem2, Rhob, Grb7, Ptk2, Col6a3, Ncor2, Tuba4a, Dnm3, Arpc1b, Mapk1, St8sia4, Akt3, Mlph, Cdc42, Rock2, Arhgef7, Col5a1, Dsp, Col6a2, Col6a1, Spag9, Trio, Ephb6, Efnb2, Sin3a, Efnb1, Mars1, Itga2b, Tuba1c, Vav3, Nck2, Frs2, Bnip2, Nck1, Rac1, Mmp2, Itgb3, Tln1, Krt23, Smad4, Dag1, Grb2, Nrp1, Tcf12, Col4a4, Dsg2, Egfr, Sdc2
REACTOME_GLUCONEOGENESIS	7.324430048813848e-7	7.608955985325463e-5	0.6594443980379349	-0.8024958895407271	-2.2802889352497533	17	Slc37a4, Slc37a1, Pck2, Pcx, Aldob, Pck1, Aldoc, Gpi1, Tpi1, G6pc3, Fbp1
REACTOME_HDL_REMODELING	0.0014874656181287956	0.02714624753085052	0.45505986738722953	-0.7872998973726443	-1.8548766731826485	9	Apoc2, Pltp, Lipg, Apoc2l
REACTOME_HYDROLYSIS_OF_LPC	0.0030088054236819747	0.04277254447034218	0.4317076958033464	-0.912004672602426	-1.6718740180270986	4	Plbd1, Pla2g15
REACTOME_L1CAM_INTERACTIONS	0.0014609347123744247	0.027027292178926857	0.45505986738722953	0.49945899731224785	1.7915552586992218	52	Tubb2a, Itga5, Sptb, Tuba1b, Itgb1, Sptbn2, Tubb6, Tuba8, Tuba1a, Csnk2a2, Sptbn1, Ap2b1, Tubb4b, Numb, Tuba4a, Dnm3, Mapk1, Itga2b, Tuba1c, Rac1, Itgb3, Nrp1, Egfr, Itga9
REACTOME_LGI_ADAM_INTERACTIONS	0.0018281972054470705	0.030842431275847872	0.45505986738722953	0.9337423904506544	1.7073756135493625	4	Stx1b, Adam11
REACTOME_METABOLISM	4.0716049460272727e-32	1.0997404959219662e-28	1.4745625013942514	-0.3587430086845089	-2.005730706122959	1486	Fmo1, Apoc2, Vnn1, Galk1, Mfsd2a, Gstt2, Fabp2, Cbr1, Akr1d1, Serinc2, Etnk2, Acot3, Sqor, Sult1a1, Abcd1, Ugt1a1, Slc37a4, Mogat1, Fitm1, Arsa, Apom, Dct, Hs6st1, Gal3st1, Pdha1, Ctps2, Pctp, Slc25a10, Car5a, St3gal5, Cyp3a13, Glrx, Gns, Lpgat1, Acadl, Sephs2, Slc5a6, Pdxk, Galc, mt-Nd3, Cyp2a5, Dhcr24, Gpd1, Tspo, Serpina6, Slc10a1, Coq10b, Mgst3, Acot4, Sds, Suclg2, Slc37a1, Slc23a2, Cd36, Naprt, Stard10, Pck2, Got1, Pcx, Pgm1, Plbd1, Gde1, Aldob, Glul, Cyp2a4, Ggt6, Shpk, Gpx4, Comt, Decr2, Mthfs, Gpat4, Cyp46a1, Glud1, Crls1, Mthfd1l, Cpt1a, Pck1, Srebf1, Slco1a4, Parp9, Hsd17b11, Azin1, Cyp3a59, Aldoc, Gpt2, Pdk2, Gcgr, Psme1, Gpi1, Vdac1, Shmt1, Psmd9, Hao1, Gnpda1, Gbe1, Pnpla6, Chpt1, As3mt, Dmac2, Adprm, Pla2g15, Got2, Alas1, B4galt1, Gstm6, Decr1, Aco2, Fabp5, Rab5if, Ppa1, Coq9, Pfkfb3, Ormdl2, Pitpnm1, Coq5, Hibch, Mapkapk2, Fmo2, Slc52a2, Mid1ip1, Cox7b, Acss3, Mgst1, Psmc6, Entpd6, Prodh, Rfk, Psmd14, Mgll, Coq8b, Echs1, Vkorc1l1, Psma1, Calm1, Acot13, Slc2a2, Pnpo, Eci1, Khk, Hmgcl, Fh1, Sord, Odc1, Tpi1, Pts, Dlat, Coasy, Car2, Osbpl1a, Aldh3a2, Gusb, Sdhd, Cyp2e1, Ndufv2, Pik3r1, Ptges, Gng2, Crat, Surf1, Isca1, Flad1, Fdft1, Cox7a2l, Pnpla2, G6pc3, G6pdx, Neu1, Gnpat, Suclg1, Gcsh, Abcc2, Cacna1d, Upb1, Asl, Psma6, Gpd2, Elovl2, Ldha, Cidec, Gstz1, Psmb8, Nup214, Nup54, Pdk1, Shmt2, Ppa2, Ugt1a5, Mdh2, Stard4, Idua, Msmo1, Mtmr12, Car14, Adh1, Hdac3, Fads2, Cox19, Asah1, Uqcrq, Gstm4, Nudt1, Uros, Gnai2, Sat1, Hoga1, Apoa2, Cers6, Hexa, Fads1, Acox1, Slc6a12, Pfkfb1, Tkfc, Pitpnm2, Hyal1, Slc25a32, Dlst, Cyp4a12b, Gale, Hgsnat, Gda, Ndufs7, Apoc2l, Nadk, Cmbl, Txn2, Gna11, Bhmt2, Alad, Cyp3a25, Hmgcs2, Iscu, Gckr, Lypla1, Hpgd, Rpia, Ak4, Pld6, mt-Co3, Ndufs2, Acbd4, Acat2, Mcat, Hmox2, Sdc4, Entpd5, Ndufa2, Prkag2, Uba52, Cox7a2, Dcxr, Ppcdc, Gch1, Fbp1, Acads, Psmd3, Slc25a19, Scly, Plaat3, Gstt1, Gpat3, Fabp1, Pcbd1, Chp1, Aldh1l2, Ocrl, Coa5, B4galt7, Aldh1b1, Ndufa10, Mthfsl, Sdc1, Ndufaf4, Hspa9, Dbi, Baat, Acsm1, Adhfe1, Nampt, Uqcr10, Pla2g6, Rrm1, Sdhaf1, Tm7sf2, Pgls, Thrsp, Idh3g, Abhd14b, Psme2, Slc25a11, Nme2, Cox6c, Ran, B4galt5, Gng11, Ppcs, Aldh1l1, Chac1, Suox, Inpp4b, Qprt, Rbks, Acad10, Asah2, Mat1a, Aldh4a1, Smim20, Gpc1, Hsd17b10, Synj2, Psmb1, Pla1a, Etnk1, Acaa1b, Hal, Acsf2, Elovl6, Atp5pb, Cyp4a14, Plcb4, Maob, Pecr, Guk1, Mccc2, Acot11, Pld4, Auh, Itpk1, Lrp1, Nup37, Psma3, Nudt19, Hmbs, Ndufb8, Cyb5a, Psma5, Psmd4, Sardh, Fasn, Pik3c2b, Aspg, Psmb2, Bckdha, Cacna1a, Pdhx, Lpcat2, Upp2, Akr1c20, Bpgm, Gsta1, Carm1, Ucp2, Pgd, Cs, Aprt, Plcb2, Adi1, Ndufa12, Mrps36, Rxra, Ndufs6, Psmc4, mt-Co1, Ndufs5, Psma7, Sdhaf4, Sdha, Tmem126b, Carnmt1, Psmb10, D2hgdh, Lpin3, Ube2i, Med1, Gpt, Akr7a5, B4galnt1, Nudt12, Ndufc1, Mvk, Amacr, Nsdhl, Pik3c2g, Psmc3, Slc7a5, Gm10053, Glrx5, Tnfaip8l3, Acaa2, Cav1, Cox16, Lss, Psmb6, Ugdh, Ak2, Psma2, Naxe, Ptdss2, Akr1a1, Rab4a, Parp14, Sucla2, Cox17, Pdk3, Acox3, Srm, Gcdh, B4galt6, Arg1, mt-Co2, Tnfaip8l1, Mmab, Ndufa8, Uck1, Cyp27a1, Cyp51, Smpd3, Ndufb5, Sec13, Tat, mt-Nd1, Arf1, St3gal3, Ddhd2, Glyctk, Chd9, Enoph1, Pgam5, Gk, Stard7, Idh3a, Haao, Seh1l, Idi1, Cox5b, Ndufb10, Apob, Rbp4, Ndufs3, Miga2, Sgms1, Nmnat1, Ahcy, Pnpla8, Coq2, Acsf3, Ppm1k, Ugcg, Apoe, Rrm2b, Sdhaf2, Carns1, Slc44a3, Uqcrh, Acadm, Cox8a, Ptges3, Mvd, Hsd17b4, Agpat3, Trap1, Dld, Cox5a, Hscb, Degs1, Ctsa, Cox7a1, Cyp4a10, Slc25a15, Dhtkd1, Fdxr, Dhrs7b, B4gat1, Gchfr, Isca2, Gng5, Mtrr, Cers2, Psmd7, Flvcr1, L2hgdh, Far1, Ndufa11, Btd, Azin2, Xdh, Rps27a, Parp10, Cycs, Nme4, Uqcrc1, Nup88
REACTOME_METABOLISM_OF_PORPHYRINS	0.002651178856019652	0.039971981056274634	0.4317076958033464	-0.5729226097108946	-1.828404996545388	27	Ugt1a1, Alas1, Abcc2, Ugt1a5, Uros, Alad, Hmox2, Fabp1, Hmbs, Gsta1, Flvcr1, Cox10, Gsta2, Ppox, Abcc1
REACTOME_MITOCHONDRIAL_FATTY_ACID_BETA_OXIDATION	6.822755957632555e-6	4.188241782173984e-4	0.610526878385931	-0.6396821092992475	-2.163211263989693	34	Acot3, Pctp, Acadl, Decr1, Echs1, Acot13, Eci1, Mcat, Acads, Dbi, Acad10, Acsf2, Acot11
REACTOME_MITOCHONDRIAL_PROTEIN_DEGRADATION	7.2973824590330815e-6	4.304384195135552e-4	0.610526878385931	-0.4999406364051947	-1.9793462375652762	72	Acot3, Pdha1, Suclg2, Ldhd, Glud1, Slc25a5, Alas1, Hspd1, Aco2, Eci1, Fh1, Pdk1, Shmt2, Mdh2, Uqcrq, Hmgcs2, Ndufa2, Mrpl12, Aldh1b1, Hspa9, Hsd17b10, Mrps2, Cs, mt-Co1, Idh3a, Cox5b, Ndufs3, Dld, Cox5a, Ssbp1, Ech1, Hadh, Ndufs1, Prkaca, Pdhb, Acat1, Uqcrc2
REACTOME_MITOCHONDRIAL_TRANSLATION	8.675800346455853e-9	1.8025643642905584e-6	0.7477396631498854	-0.5550291688961134	-2.2906787509807325	89	Mrpl2, Mrps5, Aurkaip1, Chchd1, Mrpl30, Mrpl10, Mrpl19, Ptcd3, Mrpl51, Mrpl35, Mrps24, Mrps18a, Mrpl12, Mrpl46, Mrpl3, Mrps18c, Mrps18b, Mrpl43, Mrps21, Mrps17, Mrps7, Mrpl16, Mrps2, Mrpl48, Mrps36, Mrps30, Mrpl13, Mrps15, Mrps34, Mrps26, Mrps9, Mrpl17, Mrpl23, Mrpl15, Mrpl47, Mrpl42, Mrpl58, Mrpl9, Mrpl49, Mrpl50, Mrpl21, Mrpl34, Mrps33, Mrps25, Mrrf, Mrpl53, Mrpl18, Mrpl54, Mrpl55, Gadd45gip1, Mrpl11, Mrpl36, Mrps22, Mrps27, Mrpl22, Mrps16, Mrpl20, Dap3, Mrpl38, Mrpl40, Mrpl45, Mrpl27
REACTOME_MULTIFUNCTIONAL_ANION_EXCHANGERS	0.0024798133594400246	0.03805668115822446	0.4317076958033464	0.9235388598115045	1.6887181555999806	4	Slc26a1, Slc26a11
REACTOME_NCAM_SIGNALING_FOR_NEURITE_OUT_GROWTH	8.580353820414834e-5	0.003009809827135125	0.5384340963099162	0.6724375238045286	2.1416666523620513	28	Col5a2, Sptb, Sptbn2, Col5a3, Creb1, Col4a5, Col4a1, Sptbn1, Col3a1, Col4a2, Rps6ka5, Ptk2, Col6a3, Mapk1, St8sia4, Col5a1, Col6a2, Col6a1
REACTOME_NEUTROPHIL_DEGRANULATION	1.353227067951187e-4	0.00438347575934467	0.5188480777437918	-0.2882354635789499	-1.4567028567668798	403	Vnn1, Hbb-bs, Hbb-bt, Arsa, Stbd1, Gns, Pdxk, Snap29, Cd36, Naprt, Pgm1, Fth1, Cpped1, Rab4b, Cst3, Prdx6, Aldoc, Lcn2, Gpi1, Vat1, Fuca2, Mif, Ctsc, B4galt1, Fabp5, Mgst1, Psmd14, Gusb, Tcirg1, Atad3a, Neu1, Apaf1, Cxcl1, Srp14, Fgr, S100a8, Hp, Anpep, Asah1, Eef1a1, S100a9, H2-Q10, Hgsnat, Gmfg, Alad, Surf4, H2-Q4, Hmox2, Svip, Cd33, Slc2a5, Ear2, Fpr1, Orm1, Psmd3, Rap2c, Cfp, Mlec, Tom1, Nme2, Cd47, Glipr1, Dync1h1, Txndc5, Gdi2, Psmb1, Acaa1b, Clec4n, Itgam, Bri3, Pirb, Psma5, Plac8, Mvp, Unc13d, Itgb2, Cd300c2, Orm3, Aprt, Fcer1g, Pira2, Tnfrsf1b, Prcp, Lair1, Tlr2, H2-T10, Psmc3, H2-Q1, Actr10, C3, Ifi205, Nhlrc3, Frk, Psma2, Cstb, Qsox1, Apeh, Arg1, Siglece, Cxcr2, Lamtor2, Nfasc, Vamp8, Fpr2, Degs1, Ctsa, Cdk13, Dync1li1, Ticam2, Itgal, Psmd7, Tyrobp, Hspa8, H2-Q6, Cd14, Cd68, Fcgr4, Ptges2, Kpnb1, Mapk14, Gm5150, Igf2r, Commd3, Cap1, Cant1, Gla, Cyb5r3, H2-K1, Ndufc2, Ubr4, Hexb, S100a11, Plaur, Fuca1, Pgrmc1
REACTOME_ORGANIC_CATION_TRANSPORT	0.0014296224217132517	0.026630414903775813	0.45505986738722953	-0.855688922801906	-1.7868711155763075	6	Slc22a15, Slc22a4, Slc22a1
REACTOME_REGULATION_OF_RUNX3_EXPRESSION_AND_ACTIVITY	5.117795473514928e-6	3.291229898562814e-4	0.610526878385931	-0.580620045220288	-2.145405545743964	51	Psme1, Psmd9, Psmc6, Psmd14, Psma1, Psma6, Psmb8, Uba52, Psmd3, Psme2, Psmb1, Psma3, Psma5, Psmd4, Psmb2, Psmc4, Psma7, Tgfb1, Psmb10, Psmc3, Psmb6, Psma2, Psmd7, Rps27a, Smurf1, Psmd6, Psmc5, Psmd12, Psmb4, Psmd13, Psmf1, Psmc1, Src
REACTOME_TRANSLATION	1.3567873831625208e-12	7.329365443843938e-10	0.9101197347744591	-0.4736316963798986	-2.2285343351077174	223	Rps12, Eif2b2, Fau, Ppa1, Mrpl2, Srp19, Mrps5, Aurkaip1, Eif4a2, Srp14, Chchd1, Mrpl30, Ppa2, Mrpl10, Eef1a1, Mrpl19, Rpl27a, Ptcd3, Mrpl51, Mrpl35, Uba52, Mrps24, Mrps18a, Mrpl12, Mrpl46, Mrpl3, Mrps18c, Mrps18b, Rpl26, Mrpl43, Eef1b2, Rpl30, Eif3f, Mrps21, Rpl22, Rpl17, Rplp0, Rpl35a, Mrps17, Rpl10-ps3, Mrps7, Eif4ebp1, Mrpl16, Rps23, Mrps2, Mrpl48, Mrps36, Eef1g, Rps21, Eif4e, Mrps30, Mrpl13, Mrps15, Rpl23a, Rps20, Rps9, Mrps34, Mrps26, Rps15, Apeh, Mrps9, Mrpl17, Rps4x, Rps17, Mrpl23, Rpl19, Mrpl15, Rpl21, Rps16, Mrpl47, Mrpl42, Mrpl58, Mrpl9, Rpl36, Mrpl49, Mrpl50, Rps26, Rpl34, Rps24, Mrpl21, Rpl13, Mrpl34, Rpl39, Mrps33, Rps27a, Mrps25, Mrrf, Rpl35, Rps10, Mrpl53, Mrpl18, Rps7, Rpl38, Eif2s1, Rps25, Mrpl54, Rpl23, Rpl32, Rpl29, Mrpl55, Gadd45gip1, Eef2, Rps15a, Eif3m, Srp9, Mrpl11, Rps5, Rpl13a, Mrpl36, Rpl7, Mrps22, Rpl14, Srp54b, Mrps27, Mrpl22, Rpl7a, Mrps16, Eif3b, Mrpl20, Rplp2, Rpl11, Dap3, Mrpl38, Eif3h, Rpl31, Mrpl40, Mrpl45, Mrpl27, Rpl18a, Rplp1, Rps27rt, Eif4g1, Rps6, Rpl18, Gfm1, Rpl36a, Mrps12, N6amt1, Rps13, Srp68, Rpl37, Mrps11, Eif2b5, Rps19, Eif3e, Eif2b3, Eif3g, Rpl6
RUAN_RESPONSE_TO_TNF_DN	2.5734708350574073e-4	0.00716592239741243	0.49849310876659025	-0.4574777554165281	-1.8096509120185513	71	Pparg, Cdkn2c, Gpd1, Pcx, Pck1, Cebpa, Alas1, Fabp5, Cidec, Slc2a4, Acox1, Pfkfb1, Nr1h3, Alad, Entpd5, Pxmp2, Orm1, Acads, Dbi, Pla2g6, Idh3g, Hipk3, Sorbs1, Ap3s1, Fasn, Bckdha, Cbx4, Reep5, Ak2, Uck1, Apoc4, Acadm, Hsd17b4, Selenbp1, Ech1, Lama4, Hk2, Pex11a, Abcd2
SCHAEFFER_PROSTATE_DEVELOPMENT_48HR_DN	3.6563951348469304e-5	0.0015928908482615418	0.557332238758646	0.35988653225347594	1.6598746222787026	274	Ntrk2, Timd2, Ndrg1, Pkd2, Mup1, Klf12, Inhba, Fem1b, Hivep2, Prrx1, Tcf4, Qpct, Id4, Prex1, Pdgfrb, Aqp1, Cyria, Fibin, Ednra, 1700017B05Rik, Spon2, Avpr1a, Pde4dip, Tgfbr2, Zswim6, Igf1, Ddx3x, Foxp1, Myh10, Ahdc1, Gucy1a1, Rnd3, Abcc9, Colec10, Sh3pxd2b, Gfod1, Larp1, Iigp1, Fam171b, Rerg, Epha7, Wasf1, Enpp1, Gucy1b1, Il17rd, Enpp3, Armcx2, Vsir, Hirip3, Dgkh, Mex3b, Foxj3, Fam107b, Tsn, Loxl1, Rbms3, Sparcl1, Kctd1, Fnbp1l, Abi2, Pdlim7, Crocc, Ttyh3, Eln, Pkp4, Pmepa1, Bst2, Stk3, Pde1a, Ddr2, Nfix, Rev3l
SCHMIDT_POR_TARGETS_IN_LIMB_BUD_UP	1.1247829265608597e-4	0.003750665042766521	0.5384340963099162	-0.6472854745887102	-2.0324621449312446	25	Fgl1, Fdft1, Ldlr, Stard4, Msmo1, Acat2, Tm7sf2, Elovl6, Mvk, Nsdhl, Lss, Cyp51, Idi1, Mvd, Sc5d, Sqle, Srebf2, Cyp26a1, Fdps
SERVITJA_ISLET_HNF1A_TARGETS_DN	5.240266416346759e-4	0.01286723599141145	0.47727081536286214	-0.423879364919246	-1.7458720764092246	88	Ugt1a1, Slc37a4, Dct, Hopx, Glul, Vldlr, Tm4sf4, Sgk2, Rnase4, Slc2a2, Fh1, Tpi1, Anks4b, Serpina10, Elovl2, Pdk1, Adh1, Akr1c19, Slc38a4, Slc12a7, Ppp4r1l-ps, Ndufs2, Fbp1, Ambp, Tmprss2, Cpb2, Pklr, Akr1c13, Hcar2
SERVITJA_LIVER_HNF1A_TARGETS_DN	2.2182170684956852e-4	0.006442370217211662	0.5188480777437918	0.3905607160594684	1.7089991106031681	173	Ugt3a1, Egr1, Mup1, Serpina12, Chka, Loxl4, Spsb4, Cyp2j5, Slco2a1, Slc22a7, Fgfr4, Adh4, C9, Cfhr4, Cyp2d9, Hsd17b2, Ugt2b36, Cyp7b1, Slco1a1, Mad1l1, Ugt2b38, Lect2, Nr0b2, F13b, Nit2, Cyp4v3, Igf1, Dpp4, Cyp4f14, Cela1, C8b, Lifr, Ppard, Slc17a3, Adgrf1, Fras1, Lcp1, Dock8, C6, Serpina1a, Ces3b, Hsd3b2, Zkscan1, Iigp1, Fpgs, Pah, Cdh1, E2f8, Ugt2b5, Sntg2, Pdgfc, Ugt2a3
SERVITJA_LIVER_HNF1A_TARGETS_UP	6.801811522678318e-11	2.296461615344267e-8	0.8390889356212738	-0.5369897892365836	-2.339448213539585	119	Galk1, Pltp, Gstt2, Fabp2, Cbr1, Acot3, Slc20a1, Tnfrsf19, Rab34, Mogat1, Pparg, Pctp, Tmem98, Cyp2a5, Dbp, Wee1, Nln, Mgst3, Acot4, Rgs16, Abcb1a, Por, Lepr, Fgfrl1, Tm4sf4, Slco1a4, Cyp2c39, Aldh3a2, Crat, Per3, Cxcl1, Ly6d, Akr1c19, Lgals1, Tmem181a, Serpine1, Elovl6, Cyp4a14, Septin6, Anln, Sorbs1
SHETH_LIVER_CANCER_VS_TXNIP_LOSS_PAM4	0.0010589436312176223	0.02087742151765546	0.45505986738722953	0.32773945863934983	1.5154332455608868	277	Ugt3a1, Cfhr1, Corin, Amy1, Serpine2, Tex12, Ntn1, Susd4, Blmh, Slc16a2, Calcrl, Cyp2j5, Adtrp, Paics, Ehd3, Ptprd, Slc22a7, Pth1r, Adh4, Id4, Sppl2b, Ces1e, Zeb2, Ednra, Tcf21, Dnase1l3, Dcn, Clock, Gdf2, Msi2, Coq8a, Cxcl12, Atp11a, Plxnc1, Repin1, Serpinb1a, Clpx, Cyp4v3, Igf1, Cyp4f14, Nat8f1, Ngfr, Abi3bp, Fcgr2b, Dleu2, Ces3b, Eva1a, Plekhb1, Clcc1, Arhgap6, Efemp1, Ethe1, Bhmt, Rgs5, Cyp2c54, Stab2, Keg1, Fmc1, Pde9a, Abcc6, Ugt2a3, Gdf10, Slc22a30, Mfsd4b1, Sod3, Acsl1, Car3
STARK_BRAIN_22Q11_DELETION	3.804549139126485e-4	0.009880853100750611	0.49849310876659025	0.8520157760956469	1.9220018385847024	8	A330023F24Rik
STARK_PREFRONTAL_CORTEX_22Q11_DELETION_DN	9.96514886889748e-13	6.728966773723024e-10	0.9101197347744591	-0.3769045948516457	-1.935378763642951	477	Tceal8, Impact, Cbr1, Prxl2b, Tspan31, Coro7, Pcsk4, Mgst3, Pgap6, Gde1, Comt, Rab4b, Cnpy2, Ank3, Ociad2, Lcn2, Bcap29, Gpi1, Vdac2, Pdcd6, Slc25a5, Prdx2, Nudt21, Kpna2, Rab5if, Micos13, Sra1, Hibch, Tpd52, Prodh, Psmd14, Acot13, Trmt2a, Incenp, Kxd1, Ubl4a, Fh1, Tpi1, Osbpl1a, Txndc17, Ndufv2, Tango2, Gcsh, Chchd1, Ppp1ca, Ufc1, Gtf3a, Mdh2, Taf9, Rundc3a, Zswim7, Hcfc1r1, Ndufs7, Cisd3, Cpeb1, Alad, Iftap, Snapc2, Acat2, Mrpl51, Hmox2, Ndufa2, Tomm40l, Tubg1, Cox7a2, Tmx2, Mrps18a, 1110059E24Rik, S100a6, Uqcr10, Mrpl3, Tm7sf2, Idh3g, Tmem126a, C1qbp, Nme2, Prelid1, Rpl26, Fam136a, Eif3f, Slirp, Plcb4, Pak1, Ss18l2, Guk1, Tomm20, Sumo1, Mtln, Mea1, Smyd2, Psma3, Nudt19, U2af1l4, Psma5, Gskip, Mrps17, Pfdn5, Fam162a, Abhd11, Timm8b, Rtraf, Hspe1, Carm1, Ndufa12, Uqcr11, Ndufs6, Psmc4, Sdhaf4, Nenf, Ufd1, Cuedc2, Eif4e, Ap2m1, Naca, Eif1, Smim29, Sar1b, Psmc3, Jkamp, Actr10, Psmb6, Sap18, Psma2, Naxe, Ntan1, Akr1a1, Pet100, Mrpl17, Dtnbp1, Ndufa8, Eif4g2, Rps17, Chmp4b, Rit1, Mrpl15, Enoph1, Lamtor2, Evi2a, Idh3a, Yaf2, Timm23, Cox5b, Mrpl42, Polr2j, Ndufb10, Ogfod3, Ndufs3, Kantr, 1810037I17Rik, Mpi, Rpl34, Mvd, Zfp560, Commd8, Dnajc15, B4gat1, Fkbp2, Stau1, Ndufa11, Cycs, Nup88, Tesk1, Sec22b, Snrnp27, Wtap, Scand1, Denr, Vps4a, Ndufs1, Eri3, Ndufb11, Slc25a1, Snx7, Prdx1, Pfdn2, Slc25a39, Nagk, Zdhhc8, Srr, Nr1h2, Eif2s1, Hpf1, Pdhb, Ndufa7, Mkks, Cisd1, Uqcrc2, Slc25a46, Cdk5, Mpc2, Uqcrfs1, C9orf72, Elp5, Ist1, Fdps, Bnip1, Oat, Mrpl55, Lamtor1, Micos10, Timm17a, Trmt10b, Creb3, Psmb4, Rheb, Elob, Srp9, Pdcd5, Mrpl11, Ndufa9, Mrps22, Hibadh, Romo1, Cyc1, Hspbp1, Psmc1, Wdr82, Elof1, Eloc, Eif6, Idh1
STARK_PREFRONTAL_CORTEX_22Q11_DELETION_UP	6.892486370060869e-7	7.446642274213763e-5	0.6594443980379349	0.4550281692297584	1.9746010030930774	165	A330023F24Rik, Chka, Rsf1, Dgkd, Ehd3, Tcf4, Pgm2l1, Stk4, Igf1r, Zeb2, Dot1l, Cyria, Tnrc18, Ptprk, Asap1, Zbtb16, Slc1a2, Plxnc1, Nectin1, Rhou, Lsm11, Nr2c2, Rock1, Foxp1, Tnpo2, Sntb2, Shoc2, Dleu2, Pygm, Chd4, Timp2, Klhl24, Smarca5, Ncdn, Cpeb2, Map3k2, Sptbn1, Prrc2b, Rictor, Cygb, Mef2c, Ttyh3, Cep70, Spaca6, Gprin3, Endod1, Ccni, Ptk2b, Pom121, Mapre2, Nacc2, Cdk5r1, Ddx46, Nfix, Numbl, Eif3c, Cplx2, Trim2, Ptprj, Setd7
STEGER_ADIPOGENESIS_UP	7.687501091830502e-5	0.002732097427504498	0.5384340963099162	-0.7272220002238341	-2.0132624701385287	16	Pparg, Cd36, Pck1, Cebpa, Pnpla2, Cidec, Hp, Nr1h3, Lipe
SWEET_LUNG_CANCER_KRAS_DN	0.0017723143569957538	0.030297601761047666	0.45505986738722953	0.3091977691778863	1.4608034666553422	349	Igfbp2, Pkd2, Cfhr1, Grk5, Ankrd33b, Mapt, Omd, Fermt2, Ntn1, Calcrl, Cyp2b10, Pdlim1, Emp2, Sult1d1, Tcf4, Ptprd, Pam, Sash1, Ndst1, Nid1, Cfhr4, Nt5dc2, Pdgfrb, Ablim1, Aqp1, Lmo2, Tcf21, Dcn, Kdr, Eng, Septin4, Ednrb, Bmp6, Sparc, Zbtb16, Tm2d3, Ccn1, Il11ra1, Ogn, Tie1, Lifr, Plpp1, Ptprb, Cyth3, Tuba1a, Pon1, Fhl1, Myo1b, Timp3, Clic4, Itpkb, Gsn, Ppp1cb, Ms4a4d, Cdk14, Dipk2a, Npnt, Gpr182, Lama2, Angptl2, Foxf1, Tiam1, Gucy1b1, Pdgfra, Pold1, Armcx2, Papss2, Sptbn1, Lamb1, Lin9, Col3a1, Aldh1a1, Msln, Qki, Tek, Ets1, Sod3, Ahnak, Art3, Adrb3, Loxl1, Sparcl1, Acsl1, Car3, Fgfr2, Mef2c
SWEET_LUNG_CANCER_KRAS_UP	1.2405570950518198e-5	6.443739834105703e-4	0.5933254763964051	-0.3075927880276446	-1.5634636137973794	413	Spp1, Pparg, Glrx, Gns, Acadl, Chchd7, Gjb2, Lbp, S100a1, Stard10, Plbd1, Bhlhe40, Pafah1b3, Meg3, Vegfb, Reep6, Errfi1, Ank3, Gne, Azin1, Cebpa, Aldoc, Lcn2, Psme1, Gpi1, Shmt1, Ctsc, Lrg1, Marchf5, Rfk, Wfdc21, Tpi1, Osbpl1a, Dap, G6pdx, Cxcl1, Mt1, Stxbp2, Ccl9, Ldha, Avpi1, Snx10, Xbp1, Nabp1, Sat1, Ly6d, Hexa, Itih4, Serpine1, Ear2, Orm1, Gch1, Siva1, Gstt1, Pcbd1, Mx1, Krt18, Sdc1, Ndufaf4, Hspa9, Litaf, Eno1, Pgls, Mlec, Kng1, Nme2, Mrps18b, Prnp, Prelid1, Rap1gap, Ehmt2, Pcyox1, Pla2g7, Ccr5, Rpl17, Socs2, Lamc2, Psmd4, Fasn, Fam162a, Gadd45a, Itgb2, Shc1, Papola, Krt8, Vamp2, Zfp1, B4galnt1, Ptgr1, C1qb, Taok3, Il18, Zdhhc6, Ggcx, Tmem268, Cstb, Basp1, Kdelr1, Pdk3, Ighg2b, Clcn5, Arg1, Mpeg1, Csf2rb2, Lgals3, Epcam, Rbp4, Rpl36, C1qc, Phb2, Napsa, Vamp8, Fpr2, Ctsa, Tulp2, Arglu1, Spg21, Ppp1r14b, Fkbp2, Tyrobp, Plp2, Nup88, Hspa8, Cd14, Cd68, Grhpr
VANDESLUIS_COMMD1_TARGETS_GROUP_3_DN	0.0028836903840943205	0.04210187960777708	0.4317076958033464	0.6517706145747924	1.8305780309284905	18	Tubb2a, Serf1, Spsb4, Wfdc1, Nrep, Clec1b, Msln
VANDESLUIS_COMMD1_TARGETS_GROUP_3_UP	4.6987475234822424e-5	0.0018663701560184612	0.557332238758646	-0.5271938337635849	-1.982863867252225	57	Galk1, Plcxd1, Stard10, Aldob, Reep6, Fkbp11, Snca, Rnase4, Ero1a, Tpi1, Ldha, Shmt2, Apoa2, Prss8, Ier3, Spp2, Kcne3, Fam162a, Aprt, Cldn2, Tagln2, Renbp, Cbx7, Grhpr, Ccng1, Ly75
WAKABAYASHI_ADIPOGENESIS_PPARG_RXRA_BOUND_8D	6.620920490711369e-8	9.935059025228558e-6	0.7049757151672383	-0.29252272088591036	-1.578249763594235	775	Gnpnat1, Rmdn3, Pcsk4, Pparg, Pdha1, Sec22c, Slc25a10, Mrap, Anxa7, Tef, Acadl, Slc5a6, Gstt3, Tmem134, Gpd1, Wdr18, Grpel1, Cd36, S100a1, Lrrc39, Pcx, Stt3b, Fth1, 2010003K11Rik, Slc35b4, Tomm40, Reep6, Gpat4, Scoc, Cst3, Cpt1a, Pck1, Rhbdf1, Azin1, Zdhhc18, Rbm12, Fbxo31, Chpt1, Tor4a, Cd99l2, Pla2g15, Aco2, Acaa1a, Lgals3bp, Pitpnm1, Coq5, Hibch, Il17rc, Mid1ip1, Mgst1, Chchd3, Marchf5, Bmp2k, Abcb8, Echs1, Incenp, Nit1, Myd88, Dap, Pspc1, Sh3glb1, Flad1, Mknk2, Pnpla2, G6pc3, Esrra, Suclg1, Rassf6, Ripk3, Gcsh, Upb1, Tmcc3, Selenop, Cidec, Tmem259, Msmo1, Snx10, Cd302, Fads2, Asah1, Pus10, Nabp1, Usp5, Dab2ip, Gnai2, Slc2a4, Slc38a10, Mrpl10, Pbx2, Ehbp1l1, Acox1, Pfkfb1, Dlst, Hcfc1r1, Arf4, Spata6l, Ost4, Nr1h3, Cmbl, Alad, Cdc25a, Pex16, Hpgd, Abcb9, Serpine1, Pxmp2, Nfkbiz, Ppp2ca, Lmna, Stat1, Neurl4, Acads, Ifrd1, Plaat3, Siva1, Mlkl, Irf2bpl, Tmem120a, Chp1, Pim3, Ccdc85b, Gtpbp3, Adhfe1, Emc6, Rtf2, Pla2g6, Klf15, Kat14, 9030619P08Rik, Lipe, Thrsp, S100a13, Prnp, Tpt1, Ppcs, Rbm43, Derl1, Stimate, Ehmt2, Preb, Lin52, Pcyox1, Mettl9, Igsf6, Atp1b3, Sfxn1, Plod3, Ap3s1, Tcf7l2, Etfrf1, Tob2, Cyb5a, Psma5, Psmd4, Sec24c, Rras, Cdc27, 2210408I21Rik, Gadd45a, Ears2, Kti12, Upp2, Shc1, Csnk1g2, Ap5s1, Eif4ebp1, Rbck1, Tiparp, Ucp2, Cs, Ndufs6, Arfrp1, Tmem143, Gpt, Zfp655, Ubxn8, Sspn, Nudt12, Letmd1, Ubr5, Reep5, Bfar, Itprip, Acaa2, Mpp7, Tomm70a, Immt, Pex14, Zcrb1, Dennd4b, Mlst8, Uck1, Mre11a, Sort1, Ubp1, Clcn2, Gucd1, Gprc5b, Fbxl12, Traf7, Calhm6, Idh3a, Agbl5, Mbnl1, Atraid, Pnpla8, Ppm1k, Pex3, Ubxn6, Dnajc19, Uqcrh, Acadm, Orc5, Rnpep, Cdk13, Spg21, Polr3h, Dnajc15, Atg12, Il15ra, Btd, Mrps33, Xdh, Ech1, H2ax, Aldh6a1, Fdx1, Hadh, Sec24b, Zfyve21, Gfer, Tia1, Naaa, Nr2f2, Noxo1, Tcaf1, Pde12, Ttl, Abi1, Tarbp2, Traf3ip2, Fadd, Lama4
WANG_CLASSIC_ADIPOGENIC_TARGETS_OF_PPARG	2.721668199133258e-7	3.196185132982144e-5	0.674962860011025	-0.7581486113928262	-2.3302889938262017	23	Slc25a10, Mgst3, Cd36, S100a1, Glul, Cebpa, Fabp5, Mgst1, Crat, Pnpla2, Cidec, Nr1h3, Orm1, Adhfe1
WELCH_GATA1_TARGETS	5.678800997373437e-4	0.013573842030005003	0.47727081536286214	-0.679844998161158	-1.9493547138855063	18	Gstt2, Hba-a1, Ftl1, Uros, Mafk, Alad, Abcb10, Hmbs
WP_AMINO_ACID_METABOLISM	2.8018882815255914e-5	0.0013048103876552798	0.5756102610711286	-0.4728145023457163	-1.9426923364814705	82	Pdha1, Sds, Got1, Pcx, Glul, Glud1, Pck1, Gpt2, Got2, Aco2, Acaa1a, Hibch, Prodh, Hmgcl, Fh1, Odc1, Sdhd, Suclg1, Asl, Ldha, Mdh2, Adh1, P4ha2, Dlst, Hmgcs2, Hal, Hnmt, Auh, Pdhx, Cs, Sdha, Srm, Arg1, Tat, Acadm, Farsb, Dld
WP_CHOLESTEROL_METABOLISM_WITH_BLOCH_AND_KANDUTSCHRUSSELL_PATHWAYS	1.2430508149156822e-4	0.0040944881110820215	0.5188480777437918	-0.5263539596389977	-1.9260133720867207	49	Dhcr24, Cyp46a1, Srebf1, Fdft1, Elovl2, Msmo1, Fads2, Fads1, Nr1h3, Hmgcs2, Acat2, Tm7sf2, Fasn, Mvk, Nsdhl, Lss, Cyp27a1, Cyp51, Idi1, Mvd, Sc5d, Sqle, Cyp7a1, Nr1h2, Srebf2, Acat1, Fdps
WP_ELECTRON_TRANSPORT_CHAIN	2.2154078055454383e-9	5.439833166162026e-7	0.7749390301364363	-0.5889296117442653	-2.3726853421444174	77	mt-Nd3, Slc25a5, Cox7b, Sdhd, Ndufv2, Surf1, Cox7a2l, Uqcrq, Ndufb4c, Ndufs7, mt-Co3, Ndufs2, Ndufa2, Cox7a2, Ndufa10, Uqcr10, Cox6c, Atp5pb, Ucp2, Ndufa12, Uqcr11, Ndufs6, mt-Co1, Ndufs5, Sdha, Ndufc1, Cox17, mt-Co2, Ndufa8, Ndufb5, mt-Nd1, Cox5b, Ndufb10, Uqcrh, Cox8a, Cox5a, Cox7a1, Uqcrc1, mt-Cytb, Ndufs1, Ndufb9, Sdhb, Ndufc2, Ndufa7, Uqcrc2, Uqcrfs1, Ndufa5, Cox4i1, Ndufa9, Uqcrb, mt-Nd6, Ndufs8, Ndufb2, Ndufv3
WP_ESC_PLURIPOTENCY_PATHWAYS	0.0017244168618815235	0.029856730409884586	0.45505986738722953	0.44550062055423995	1.7125951803712667	79	Wnt5a, Ctnnb1, Fgfr4, Lrp6, Pdgfrb, Myc, Smad9, Lrp5, Lifr, Gab1, Mapk4, Dvl3, Pdgfra, Bmp4, Apc, Fzd5, Fgfr2, Mapk7, Wnt4, Raf1, Il6st, Mapk1, Wnt5b, Wnt9b, Akt3, Axin1, Fzd8
WP_GLYCOLYSIS_AND_GLUCONEOGENESIS	9.673191117168478e-7	9.676773780545207e-5	0.6435518361507222	-0.6431453101914502	-2.265442127922612	40	Pdha1, Got1, Pcx, Aldob, Pck1, Aldoc, Gpi1, Got2, Mpc1, Slc2a2, Tpi1, Dlat, Ldha, Mdh2, Slc2a4, Slc2a5, Fbp1, Eno1, Pdhx, Pklr
WP_GPCRS_NONODORANT	0.0010311917486290428	0.020560692636232836	0.45505986738722953	0.4461893713425985	1.7278874667555015	83	Mtnr1a, S1pr5, Calcrl, Grm8, Pth1r, Adgrl4, Kiss1r, Cnr2, Vipr1, Ednra, P2ry4, Ednrb, Avpr1a, Adcyap1r1, Adra2b, Sstr2, S1pr3, Adgrl1, Smo, Sucnr1, P2ry10, Adora2a, Tbxa2r, Fzd5, Adrb3, Chrm3, Celsr1
WP_GPCRS_OTHER	0.00366688469667993	0.049923748686697224	0.4317076958033464	0.5798507870723586	1.7590697709430836	24	Or2ag2b, S1pr5, Gpr162, Vipr1, Ednra, Smo, Fzd5, Celsr1, Ltb4r2, Adora1, Celsr2
WP_GPCRS_SMALL_LIGAND	7.369894199768382e-4	0.016316462486536395	0.47727081536286214	0.8038746069861553	1.9665615915340378	10	Mtnr1a, Cnr2, S1pr3, Tbxa2r
WP_HYPOXIADEPENDENT_SELFRENEWAL_OF_MYOBLASTS	2.558806910720297e-4	0.00716592239741243	0.49849310876659025	0.8798146107705028	1.9168444585797777	7	Cdkn1a, Notch1, Hes1
WP_LEPTIN_AND_ADIPONECTIN	0.0036966863151941666	0.049923748686697224	0.4317076958033464	-0.7831656520543215	-1.7813250254559367	8	Lepr, Prkab1, Cpt1a
WP_MECHANISMS_ASSOCIATED_WITH_PLURIPOTENCY	6.276612682190201e-5	0.0022652454308813496	0.5384340963099162	0.3732611895054324	1.6929326569012728	236	Dnmt3b, Wnt5a, Cdkn1a, Id1, Notch1, Dnmt3a, Nedd4l, Ctnnb1, Epop, Itgb1, Cad, Myc, Leo1, Gatad2b, Creb1, Cdk2, Ncoa1, Ocln, Lrp5, Ercc5, Tfeb, Dnmt1, Lifr, Rock1, Gab1, Trim28, Rest, Trim33, Phc1, Atf2, Hdac1, Smo, Nkd1, Crebbp, Tpo, Chd4, Cdh1, Mtf2, Ccnd1, Rbbp7, Zfx, Mbd2, Smarca5, Bmp4, Ptprs, Smad3, Med12, Apc, H3f3a, Tcf7, Mef2c, Kdm1a, Smarcad1, Pml, Ehmt1, Casp3, Satb2, Ipo9, Hells, Dhx9, Igfbp3, Ctr9, P4ha1, Atrx, Mitf, Kdm3a, Hdac2, Raf1, Il6st, Uhrf1, Pbrm1, Tle2, Kmt2d, Yipf2, Npr1
WP_NEURAL_CREST_DIFFERENTIATION	9.185268821872468e-4	0.019382352412404324	0.47727081536286214	0.5026232671407798	1.8557516036510513	58	Id1, Notch1, Tcf4, Ctnnb1, Itgb1, Sox9, Hes1, Tbx6, Gjb1, Hdac5, Hdac1, Sox5, Cdh1, Cdh2, Dvl3, Bmp4, Dll4, Ets1, Fgfr2, Lhx2, Mitf, Hdac2, Rhob, Pmp22, Snai2, Axin1, Nfkb1, Hdac8, Col11a2
WP_OXYLIPINS_PATHWAYS	4.31130996432056e-5	0.0017643709414590654	0.557332238758646	-0.7902950897389861	-2.0972982098861963	13	Cbr1, Prxl2b, Ptges, Fads2, Fads1, Hpgd
WP_PPAR_SIGNALING_PATHWAY	0.0027840246030765435	0.04109098608147401	0.4317076958033464	-0.43514042559385446	-1.6641365744873562	62	Pltp, Fabp2, Pparg, Acadl, Cd36, Pck2, Cpt1a, Pck1, Acaa1a, Fabp5, Fads2, Apoa2, Acox1, Cyp4a12b, Nr1h3, Hmgcs2, Fabp1, Dbi, Rxrg, Acaa1b, Cyp4a14, Sorbs1
WP_PTF1A_RELATED_REGULATORY_PATHWAY	0.0018426779753912058	0.030842431275847872	0.45505986738722953	0.8696484196457859	1.8097032810290272	6	Notch1, Ctnnb1, Hes1, Kat2b
WP_TCA_CYCLE	1.1717809786708929e-5	6.417025001658039e-4	0.5933254763964051	-0.655663822066234	-2.1576745997318865	30	Pdha1, Suclg2, Pcx, Pdk2, Aco2, Fh1, Dlat, Sdhd, Suclg1, Pdk1, Mdh2, Dlst, Idh3g, Pdhx, Cs, Sdha, Sucla2, Pdk3, Idh3a, Dld
WP_WNT_SIGNALING_PATHWAY	4.371108200891385e-4	0.011033984346362272	0.49849310876659025	0.46914882143740644	1.8205022532917228	84	Wnt5a, Prkca, Tcf4, Ctnnb1, Sox9, Lrp6, Ctnnbip1, Brd7, Daam1, Lrp5, Csnk2a2, Mapk8, Nkd1, Cdh1, Ccnd1, Dvl3, Smad3, Apc, Fzd5, Tax1bp3, Frat1, Wnt4, Magi3, Raf1, Cdk1, Frat2, Mapk1, Mark2, Btrc, Axin1, Fzd8
YAO_TEMPORAL_RESPONSE_TO_PROGESTERONE_CLUSTER_12	1.684944918520394e-6	1.5394066184898388e-4	0.6435518361507222	-0.5380816456795323	-2.136929918674434	70	Antxr2, Capns1, S100a1, Pcx, Ifnar2, Psme1, Chpt1, Pdcd6, Decr1, Nudt21, Lgals3bp, Ntpcr, Mpdu1, Fdft1, Gnai2, Maged2, Snapc2, Gng11, Hsd17b10, Elovl6, Rras, Tmem176a, Ptgr1, Nsdhl, C1qb, H2-T10, Ntan1
YAO_TEMPORAL_RESPONSE_TO_PROGESTERONE_CLUSTER_13	6.0903414258469655e-09	1.3708343492677211e-6	0.7614608014455848	-0.45455870315336067	-2.0742859963794333	171	Pgap6, Pcx, Pafah1b3, Gpx4, Pqbp1, Rbm3, Prdx2, Micos13, Cox7b, Tomm5, Txndc17, Dap, Psma6, Snx10, Taf9, Ciao2a, Lgals1, S100a10, Coa6, Ndufs2, Mrpl35, Ndufa2, Uba52, Mrps18a, S100a6, Tsen34, Dbi, Uqcr10, Emc6, Pmpcb, Psme2, Vps29, Pold3, Guk1, Ndufb8, Lsm3, Psma5, Timm8b, Eif4ebp1, Ppih, Uqcr11, Cuedc2, Ndufc1, Relb, Mrpl13, Reep5, Gtf2a2, Cox16, Pex7, Anapc13, Ncbp2, BC005624, Ndufb5, Mrpl23, Tagln2, Snrpe, Ccz1, Selenof, Cox5b, Pole3, Ssna1, Dnajc15, Mgrn1, Mrps33, Csrp1, Ech1, Snrnp27, Ube2m, Park7, Tmed3, Ndufb11, Mrpl18, Fibp, Sec61g, Fam3c, Gpn1, Uqcrc2, Nab1, Ndufa5, Nfkbie, Abcc1, Elob, Erg28, Pdcd5, Mrpl11, Ndufa9, Romo1, Uqcrb, Elof1, Cyrib, Commd1, Anxa2, Pigx, Ndufa13, Ndufv3, Dap3, Mtmr9, Mrpl45, Mrpl27
YAO_TEMPORAL_RESPONSE_TO_PROGESTERONE_CLUSTER_17	0.0010791226027841842	0.021121088044348417	0.45505986738722953	-0.3309812562438998	-1.5235672686252424	182	Slc39a4, Lmnb2, Grpel1, Pcx, Bcap29, Aqp4, Mapkapk2, Mrpl2, Psmd14, Calm1, Ubl4a, Tor2a, Ndufv2, Aurkaip1, Ufc1, Mdh2, Uqcrq, Cnih1, Ddt, Arf4, Cmbl, Lypla1, C030006K11Rik, Mrpl51, Lmna, Nme2, Prelid1, Stub1, Slirp, Hmbs, Fam162a, Bpgm, Mrps7, Bag1, Lsm4, Mrpl16, Ndufs6, Psma7, Drap1, Ddx1, Mrps15, Pias3, Psmb6, Tomm70a, Yipf5, Stard7, Mrpl58, Ndufs3, Phb2, Dnajc19, Rps6ka4, Hsd17b4, Ifi35, Mrpl34, Ndufa11, Abracl, Wtap, Actb, Mrpl18, Slc25a39, Eef1akmt1, Ndufb9, Sdhb, Fuca1, Cope, Tmed10, Marcksl1, Lamtor1, Samm50, Fkbp1a, Rxylt1, Hnrnpd, Psmd13, Arl2bp, Ube2s, Mrpl36, Dohh, Mrps22, Romo1
YAO_TEMPORAL_RESPONSE_TO_PROGESTERONE_CLUSTER_9	0.0024078070240988203	0.037376360759143176	0.4317076958033464	-0.4205905225545128	-1.6637355887045056	71	Cbr1, Ifit1, Psmb9, Isg15, Irf7, Prkab1, Ctsc, Irf9, Surf1, Psmb8, Anpep, Cd24a, H2-Q10, H2-Q4, Tmx2, Thrsp, S100a13, Tmprss2, Emp1, Chchd10, Tgtp1, H2az2, Lgals3, Vamp8, Tyrobp, Rtcb, Mnat1, Pfdn2, Fam3c, Sugt1, H2ac18
ZAMORA_NOS2_TARGETS_DN	0.0021350384169174816	0.0339219927299654	0.4317076958033464	-0.4054177045736107	-1.6334988232678092	75	Galk1, Capns1, Hspb8, Cd36, Stard10, Ftl1, Ifnar2, Vdac1, Stat3, Sord, Hp, Ppp1ca, Eef1a1, Ppp2r1a, Fabp1, Dync1h1, Ywhaq, Rras, Ddb1, Eif5a, Ap1b1, Tspan4, Apob, Cp, Fdx1, Ripk1, Cfh, Actb, Cyp7a1
ZENG_GU_ICB_CONTROL_METAGENE_25_PRECICTIVE_ICB_RESPONSE	1.2091943441082537e-5	6.417025001658039e-4	0.5933254763964051	-0.3998961674056989	-1.8031057042438743	157	Antxr2, Plbd1, Psme1, Nmi, Micos13, Zap70, Gng2, Zbp1, Cxcl1, Anpep, Tlr12, Lilrb4a, Fermt3, Kcnj10, H2-Q4, Cd33, Stat1, Sectm1a, Psme2, Ms4a7, Clec4n, Ccr5, Rgs10, Pld4, Cyth4, Lpcat2, Casp4, Cd300c2, Fcer1g, Fcgr3, Psmb10, Lair1, Tlr2, C1qb, Thbs3, Il1b, Fmnl1, Hcls1, Lrrc25, C1qa, Gpr35, Dok2, Lgals3, C1qc, Procr, Ncf4, Itgal, Tyrobp, Sh2d2a, Naaa, Tapbp, H2-K1, Plk3, Ncf1
ZENG_GU_ICB_CONTROL_METAGENE_3_PRECICTIVE_ICB_RESPONSE	0.0028469427952044755	0.04179126353177874	0.4317076958033464	-0.349984094136541	-1.5617643516137234	145	Ctps2, Glrx, Rgs16, Vldlr, Fn1, Il15, Trmu, Tfb2m, Tlr12, Lgals1, Txn2, Kcnj10, Nfkbiz, Klhl22, Myo9b, Cfp, Psme2, Ran, Mmp19, Uba7, Glipr1, Cep89, Preb, Pan3, Eef1b2, Clec4n, Ccr5, Lrp1, Cyth4, Emp1, Gfra2, Vwa5a, Hddc3, Nlrp3, Cd300lb, Dennd4b, Eif4g2, Dok2, Lgals3, Emp3, Strap, Ech1, Tep1, Galnt15, Fastkd2, Tnfrsf26, Dab2, Pih1d1, Nop14, H2-K1
ZENG_GU_POST_ICB_METAGENE_22	0.0031840138221804646	0.04479177777973664	0.4317076958033464	-0.3408477656417359	-1.5112171736005213	141	Vps28, Ftl1, Pbld1, Fau, Bola1, Mif, Lman2, Fabp5, Coq8b, Kxd1, Mt1, Anpep, Zswim7, Hcfc1r1, Gmfg, Nudt8, C4b, Ndufa2, Ogfod2, Ifrd1, Mlkl, Pim3, Pgls, Fcor, Slc7a2, S100a13, Prelid1, Idnk, Gnl1, Itpk1, Eif4ebp3, Cyb5a, Fam162a, Hcar2, Ndufs6, Psmb10, Psmb6, Akr1a1, Rex1bd, Cstb, Zfp524, Arg1, Dtnbp1, Borcs6, Eif1b
ZHENG_FOXP3_TARGETS_IN_THYMUS_UP	0.0027326275417020574	0.04055399445130361	0.4317076958033464	0.34770566873250147	1.5348075824099634	186	Lncpint, Akap13, Hivep2, Dusp22, Hbp1, Tmem64, Abtb2, Pvt1, Slc37a3, Lnx2, Cdk2, Ncoa3, Peli1, Dipk1a, Cnot6l, Stat5b, Cdk19, Rnf125, Man1a, Nr3c1, Jmjd1c, Rapgef6, Evi5, Heatr5a, P2ry10, Smc5, Ets1, Rpl5, Mdfic, D16Ertd472e, Ptbp3, Lrif1, Itga6, Elk3, B3gnt2, Pak1ip1, Gprin3, Elf1, Tubb4b, Fli1, Klf3, Reep3, Fem1c, Dennd6a, Btbd10, Nek7, Ttc33, Vopp1, Trio, Man1a2, Zyg11b, Cblb, Atp2b1, Gphn, Nck2, Ifi209, Il7r, Tpp2, Ttc39b, Fam76b, Ldlrad4, Tbc1d30, Lrig1, Wbp4, Myo9a, Tcf12, Arhgef10, Cast, Arl4a, Vps54, Asxl2, Fam8a1
